date,height
2014-10-01,2.55
2014-10-02,2.74
2014-10-03,2.62
2014-10-04,2.41
2014-10-05,2.41
2014-10-06,2.48
2014-10-07,2.47
2014-10-08,2.42
2014-10-09,2.47
2014-10-10,2.42
2014-10-11,2.43
2014-10-12,2.56
2014-10-13,2.49
2014-10-14,2.64
2014-10-15,2.43
2014-10-16,2.24
2014-10-17,1.89
2014-10-18,1.91
2014-10-19,1.92
2014-10-20,2.47
2014-10-21,2.48
2014-10-22,2.46
2014-10-23,2.20
2014-10-24,1.88
2014-10-25,1.86
2014-10-26,1.95
2014-10-27,1.91
2014-10-28,1.98
2014-10-29,2.25
2014-10-30,1.91
2014-10-31,1.88
2014-11-01,1.87
2014-11-02,1.86
2014-11-03,1.87
2014-11-04,1.85
2014-11-05,1.85
2014-11-06,2.06
2014-11-07,2.68
2014-11-08,2.59
2014-11-09,2.51
2014-11-10,2.48
2014-11-11,2.47
2014-11-12,2.46
2014-11-13,2.54
2014-11-14,2.44
2014-11-15,1.93
2014-11-16,1.92
2014-11-17,2.75
2014-11-18,2.69
2014-11-19,2.49
2014-11-20,2.46
2014-11-21,2.45
2014-11-22,1.95
2014-11-23,2.04
2014-11-24,2.02
2014-11-25,2.00
2014-11-26,1.94
2014-11-27,1.94
2014-11-28,1.94
2014-11-29,1.92
2014-11-30,2.12
2014-12-01,2.06
2014-12-02,1.98
2014-12-03,1.99
2014-12-04,1.97
2014-12-05,1.92
2014-12-06,2.44
2014-12-07,2.30
2014-12-08,1.95
2014-12-09,1.89
2014-12-10,1.97
2014-12-11,2.54
2014-12-12,2.54
2014-12-13,2.55
2014-12-14,2.61
2014-12-15,2.64
2014-12-16,3.16
2014-12-17,3.65
2014-12-18,3.45
2014-12-19,3.12
2014-12-20,3.04
2014-12-21,3.00
2014-12-22,2.98
2014-12-23,3.20
2014-12-24,3.45
2014-12-25,3.21
2014-12-26,3.02
2014-12-27,2.97
2014-12-28,3.05
2014-12-29,2.99
2014-12-30,2.98
2014-12-31,2.95
2015-01-01,2.93
2015-01-02,2.92
2015-01-03,3.11
2015-01-04,3.30
2015-01-05,3.04
2015-01-06,2.87
2015-01-07,2.96
2015-01-08,3.11
2015-01-09,3.18
2015-01-10,3.60
2015-01-11,4.02
2015-01-12,2.90
2015-01-13,3.22
2015-01-14,3.77
2015-01-15,2.84
2015-01-16,2.84
2015-01-17,2.85
2015-01-18,2.47
2015-01-19,2.46
2015-01-20,2.47
2015-01-21,2.97
2015-01-22,2.44
2015-01-23,2.44
2015-01-24,2.43
2015-01-25,2.50
2015-01-26,3.11
2015-01-27,2.53
2015-01-28,2.70
2015-01-29,2.38
2015-01-30,2.25
2015-01-31,2.41
2015-02-01,2.19
2015-02-02,2.45
2015-02-03,2.51
2015-02-04,2.33
2015-02-05,2.34
2015-02-06,3.39
2015-02-07,3.39
2015-02-08,3.53
2015-02-09,3.91
2015-02-10,4.07
2015-02-11,4.01
2015-02-12,3.73
2015-02-13,3.52
2015-02-14,3.53
2015-02-15,3.62
2015-02-16,3.75
2015-02-17,3.87
2015-02-18,3.82
2015-02-19,3.87
2015-02-20,3.98
2015-02-21,3.94
2015-02-22,3.92
2015-02-23,3.91
2015-02-24,4.07
2015-02-25,3.91
2015-02-26,3.94
2015-02-27,3.83
2015-02-28,3.89
2015-03-01,3.74
2015-03-02,3.55
2015-03-03,3.36
2015-03-04,2.71
2015-03-05,2.72
2015-03-06,2.95
2015-03-07,3.02
2015-03-08,2.74
2015-03-09,2.75
2015-03-10,2.77
2015-03-11,2.88
2015-03-12,2.87
2015-03-13,2.84
2015-03-14,2.78
2015-03-15,2.79
2015-03-16,2.84
2015-03-17,3.09
2015-03-18,2.99
2015-03-19,2.96
2015-03-20,2.78
2015-03-21,2.78
2015-03-22,2.77
2015-03-23,2.75
2015-03-24,2.96
2015-03-25,2.75
2015-03-26,3.07
2015-03-27,3.04
2015-03-28,2.51
2015-03-29,2.38
2015-03-30,2.37
2015-03-31,2.37
2015-04-01,2.46
2015-04-02,4.06
2015-04-03,4.38
2015-04-04,4.10
2015-04-05,3.00
2015-04-06,2.86
2015-04-07,2.77
2015-04-08,3.29
2015-04-09,3.15
2015-04-10,2.90
2015-04-11,2.59
2015-04-12,2.38
2015-04-13,2.48
2015-04-14,2.67
2015-04-15,2.33
2015-04-16,2.25
2015-04-17,2.29
2015-04-18,2.25
2015-04-19,2.18
2015-04-20,2.65
2015-04-21,2.84
2015-04-22,2.47
2015-04-23,2.41
2015-04-24,2.40
2015-04-25,2.37
2015-04-26,2.35
2015-04-27,2.34
2015-04-28,2.33
2015-04-29,2.31
2015-04-30,2.30
2015-05-01,2.29
2015-05-02,2.01
2015-05-03,2.00
2015-05-04,1.98
2015-05-05,1.98
2015-05-06,1.96
2015-05-07,1.95
2015-05-08,1.94
2015-05-09,1.93
2015-05-10,2.13
2015-05-11,3.38
2015-05-12,2.75
2015-05-13,2.63
2015-05-14,2.85
2015-05-15,2.85
2015-05-16,2.86
2015-05-17,2.83
2015-05-18,3.03
2015-05-19,3.30
2015-05-20,3.12
2015-05-21,3.12
2015-05-22,3.11
2015-05-23,2.85
2015-05-24,2.84
2015-05-25,2.83
2015-05-26,2.83
2015-05-27,1.98
2015-05-28,1.95
2015-05-29,1.90
2015-05-30,2.85
2015-05-31,3.10
2015-06-01,2.91
2015-06-02,2.52
2015-06-03,2.38
2015-06-04,2.32
2015-06-05,2.30
2015-06-06,2.33
2015-06-07,2.27
2015-06-08,2.50
2015-06-09,3.71
2015-06-10,3.33
2015-06-11,3.38
2015-06-12,3.35
2015-06-13,3.34
2015-06-14,3.57
2015-06-15,4.54
2015-06-16,3.91
2015-06-17,3.45
2015-06-18,3.33
2015-06-19,3.27
2015-06-20,3.22
2015-06-21,3.22
2015-06-22,3.17
2015-06-23,3.11
2015-06-24,3.07
2015-06-25,3.06
2015-06-26,2.89
2015-06-27,3.14
2015-06-28,3.40
2015-06-29,3.36
2015-06-30,3.35
2015-07-01,3.52
2015-07-02,3.40
2015-07-03,3.40
2015-07-04,3.39
2015-07-05,3.33
2015-07-06,3.27
2015-07-07,3.20
2015-07-08,3.02
2015-07-09,4.62
2015-07-10,3.72
2015-07-11,3.14
2015-07-12,3.07
2015-07-13,2.96
2015-07-14,2.87
2015-07-15,2.83
2015-07-16,2.82
2015-07-17,2.80
2015-07-18,2.29
2015-07-19,2.41
2015-07-20,2.28
2015-07-21,2.13
2015-07-22,2.11
2015-07-23,1.94
2015-07-24,1.93
2015-07-25,1.93
2015-07-26,2.87
2015-07-27,2.03
2015-07-28,1.95
2015-07-29,1.92
2015-07-30,2.12
2015-07-31,2.05
2015-08-01,2.03
2015-08-02,2.02
2015-08-03,2.09
2015-08-04,2.07
2015-08-05,2.02
2015-08-06,2.00
2015-08-07,1.84
2015-08-08,1.82
2015-08-09,1.81
2015-08-10,1.82
2015-08-11,1.94
2015-08-12,1.82
2015-08-13,1.80
2015-08-14,1.87
2015-08-15,1.89
2015-08-16,1.80
2015-08-17,1.77
2015-08-18,1.77
2015-08-19,1.77
2015-08-20,1.80
2015-08-21,1.80
2015-08-22,1.76
2015-08-23,1.75
2015-08-24,1.75
2015-08-25,1.75
2015-08-26,1.74
2015-08-27,1.74
2015-08-28,1.74
2015-08-29,1.74
2015-08-30,1.73
2015-08-31,1.73
2015-09-01,1.73
2015-09-02,1.78
2015-09-03,1.77
2015-09-04,1.74
2015-09-05,1.77
2015-09-06,1.73
2015-09-07,1.73
2015-09-08,1.77
2015-09-09,2.36
2015-09-10,1.90
2015-09-11,1.79
2015-09-12,1.90
2015-09-13,1.94
2015-09-14,1.84
2015-09-15,1.78
2015-09-16,1.77
2015-09-17,1.77
2015-09-18,1.76
2015-09-19,2.10
2015-09-20,2.20
2015-09-21,1.78
2015-09-22,1.77
2015-09-23,1.76
2015-09-24,1.76
2015-09-25,1.78
2015-09-26,1.75
2015-09-27,1.81
2015-09-28,1.75
2015-09-29,2.44
2015-09-30,3.86
2015-10-01,2.27
2015-10-02,1.99
2015-10-03,1.91
2015-10-04,1.88
2015-10-05,1.85
2015-10-06,1.84
2015-10-07,1.85
2015-10-08,1.84
2015-10-09,3.17
2015-10-10,2.44
2015-10-11,2.03
2015-10-12,1.94
2015-10-13,1.97
2015-10-14,1.94
2015-10-15,1.89
2015-10-16,1.99
2015-10-17,2.00
2015-10-18,1.91
2015-10-19,1.88
2015-10-20,1.89
2015-10-21,1.87
2015-10-22,1.87
2015-10-23,1.86
2015-10-24,1.87
2015-10-25,2.05
2015-10-26,1.92
2015-10-27,1.88
2015-10-28,2.01
2015-10-29,2.06
2015-10-30,1.98
2015-10-31,1.91
2015-11-01,1.96
2015-11-02,1.91
2015-11-03,1.88
2015-11-04,1.87
2015-11-05,1.86
2015-11-06,1.85
2015-11-07,1.87
2015-11-08,1.86
2015-11-09,1.82
2015-11-10,2.01
2015-11-11,2.00
2015-11-12,2.02
2015-11-13,2.02
2015-11-14,1.91
2015-11-15,1.87
2015-11-16,1.84
2015-11-17,1.83
2015-11-18,1.84
2015-11-19,1.82
2015-11-20,1.82
2015-11-21,1.78
2015-11-22,1.78
2015-11-23,1.77
2015-11-24,1.77
2015-11-25,1.76
2015-11-26,1.76
2015-11-27,1.75
2015-11-28,1.78
2015-11-29,1.77
2015-11-30,1.76
2015-12-01,1.78
2015-12-02,2.65
2015-12-03,2.58
2015-12-04,2.29
2015-12-05,2.03
2015-12-06,1.95
2015-12-07,1.92
2015-12-08,1.90
2015-12-09,1.90
2015-12-10,1.92
2015-12-11,1.91
2015-12-12,1.89
2015-12-13,1.88
2015-12-14,2.10
2015-12-15,2.21
2015-12-16,1.96
2015-12-17,2.52
2015-12-18,2.48
2015-12-19,2.05
2015-12-20,1.96
2015-12-21,1.93
2015-12-22,3.14
2015-12-23,2.57
2015-12-24,2.24
2015-12-25,2.08
2015-12-26,2.01
2015-12-27,2.74
2015-12-28,2.53
2015-12-29,2.94
2015-12-30,2.85
2015-12-31,2.60
2016-01-01,2.32
2016-01-02,2.22
2016-01-03,2.13
2016-01-04,2.23
2016-01-05,2.22
2016-01-06,2.20
2016-01-07,2.19
2016-01-08,2.18
2016-01-09,2.35
2016-01-10,3.47
2016-01-11,2.74
2016-01-12,2.86
2016-01-13,2.85
2016-01-14,2.83
2016-01-15,2.84
2016-01-16,2.92
2016-01-17,2.88
2016-01-18,2.84
2016-01-19,2.82
2016-01-20,2.81
2016-01-21,2.81
2016-01-22,2.80
2016-01-23,2.80
2016-01-24,2.79
2016-01-25,2.79
2016-01-26,2.84
2016-01-27,2.83
2016-01-28,2.81
2016-01-29,2.80
2016-01-30,2.17
2016-01-31,2.36
2016-02-01,2.45
2016-02-02,2.25
2016-02-03,3.22
2016-02-04,2.57
2016-02-05,2.26
2016-02-06,2.18
2016-02-07,2.14
2016-02-08,2.12
2016-02-09,2.14
2016-02-10,2.13
2016-02-11,2.13
2016-02-12,2.24
2016-02-13,2.21
2016-02-14,2.29
2016-02-15,2.09
2016-02-16,4.22
2016-02-17,4.04
2016-02-18,3.27
2016-02-19,3.15
2016-02-20,3.43
2016-02-21,3.39
2016-02-22,3.31
2016-02-23,3.17
2016-02-24,4.56
2016-02-25,4.60
2016-02-26,3.53
2016-02-27,3.40
2016-02-28,3.41
2016-02-29,3.39
2016-03-01,3.33
2016-03-02,3.31
2016-03-03,3.26
2016-03-04,3.24
2016-03-05,3.22
2016-03-06,3.22
2016-03-07,3.23
2016-03-08,3.23
2016-03-09,3.23
2016-03-10,3.59
2016-03-11,3.57
2016-03-12,3.19
2016-03-13,3.14
2016-03-14,3.18
2016-03-15,3.13
2016-03-16,3.19
2016-03-17,3.17
2016-03-18,3.13
2016-03-19,3.10
2016-03-20,3.07
2016-03-21,3.07
2016-03-22,3.07
2016-03-23,3.06
2016-03-24,2.33
2016-03-25,2.36
2016-03-26,2.29
2016-03-27,2.27
2016-03-28,2.48
2016-03-29,2.49
2016-03-30,2.31
2016-03-31,2.28
2016-04-01,2.43
2016-04-02,2.30
2016-04-03,2.35
2016-04-04,2.35
2016-04-05,2.34
2016-04-06,2.34
2016-04-07,2.87
2016-04-08,2.68
2016-04-09,2.44
2016-04-10,2.35
2016-04-11,2.56
2016-04-12,2.94
2016-04-13,2.45
2016-04-14,2.35
2016-04-15,2.31
2016-04-16,2.29
2016-04-17,2.27
2016-04-18,2.26
2016-04-19,2.04
2016-04-20,2.02
2016-04-21,2.03
2016-04-22,2.01
2016-04-23,2.00
2016-04-24,1.98
2016-04-25,1.98
2016-04-26,2.11
2016-04-27,2.04
2016-04-28,1.99
2016-04-29,1.99
2016-04-30,1.97
2016-05-01,2.04
2016-05-02,2.66
2016-05-03,2.24
2016-05-04,2.06
2016-05-05,2.01
2016-05-06,1.99
2016-05-07,1.99
2016-05-08,2.14
2016-05-09,2.06
2016-05-10,2.00
2016-05-11,1.96
2016-05-12,1.94
2016-05-13,1.99
2016-05-14,1.95
2016-05-15,1.94
2016-05-16,1.94
2016-05-17,1.94
2016-05-18,1.93
2016-05-19,1.93
2016-05-20,1.92
2016-05-21,1.92
2016-05-22,1.92
2016-05-23,1.91
2016-05-24,1.92
2016-05-25,2.31
2016-05-26,1.93
2016-05-27,1.94
2016-05-28,1.89
2016-05-29,2.28
2016-05-30,2.01
2016-05-31,1.87
2016-06-01,1.86
2016-06-02,1.86
2016-06-03,1.85
2016-06-04,1.84
2016-06-05,1.95
2016-06-06,1.87
2016-06-07,1.84
2016-06-08,1.85
2016-06-09,1.84
2016-06-10,1.83
2016-06-11,2.65
2016-06-12,1.92
2016-06-13,1.86
2016-06-14,1.85
2016-06-15,1.85
2016-06-16,1.83
2016-06-17,1.81
2016-06-18,1.80
2016-06-19,1.79
2016-06-20,1.81
2016-06-21,1.86
2016-06-22,1.78
2016-06-23,1.78
2016-06-24,1.77
2016-06-25,1.76
2016-06-26,1.74
2016-06-27,1.74
2016-06-28,1.73
2016-06-29,1.72
2016-06-30,1.71
2016-07-01,1.70
2016-07-02,1.69
2016-07-03,1.68
2016-07-04,1.67
2016-07-05,1.66
2016-07-06,1.64
2016-07-07,1.68
2016-07-08,1.69
2016-07-09,1.64
2016-07-10,1.65
2016-07-11,1.64
2016-07-12,1.63
2016-07-13,1.73
2016-07-14,1.69
2016-07-15,1.65
2016-07-16,1.64
2016-07-17,1.67
2016-07-18,1.73
2016-07-19,1.65
2016-07-20,1.63
2016-07-21,1.69
2016-07-22,1.62
2016-07-23,1.61
2016-07-24,1.60
2016-07-25,1.80
2016-07-26,1.65
2016-07-27,1.62
2016-07-28,1.61
2016-07-29,1.59
2016-07-30,1.57
2016-07-31,1.59
2016-08-01,1.66
2016-08-02,1.57
2016-08-03,1.58
2016-08-04,1.59
2016-08-05,1.61
2016-08-06,1.63
2016-08-07,1.58
2016-08-08,1.58
2016-08-09,1.59
2016-08-10,1.99
2016-08-11,1.63
2016-08-12,1.78
2016-08-13,2.05
2016-08-14,1.88
2016-08-15,1.65
2016-08-16,1.75
2016-08-17,1.70
2016-08-18,1.64
2016-08-19,1.61
2016-08-20,1.60
2016-08-21,1.95
2016-08-22,1.70
2016-08-23,1.63
2016-08-24,1.62
2016-08-25,1.63
2016-08-26,1.64
2016-08-27,1.62
2016-08-28,1.61
2016-08-29,1.61
2016-08-30,1.65
2016-08-31,1.60
2016-09-01,1.67
2016-09-02,1.60
2016-09-03,1.59
2016-09-04,1.59
2016-09-05,1.58
2016-09-06,1.60
2016-09-07,1.58
2016-09-08,1.74
2016-09-09,1.68
2016-09-10,1.61
2016-09-11,1.70
2016-09-12,1.62
2016-09-13,1.61
2016-09-14,1.60
2016-09-15,1.60
2016-09-16,1.61
2016-09-17,1.65
2016-09-18,2.65
2016-09-19,2.62
2016-09-20,1.75
2016-09-21,1.72
2016-09-22,1.71
2016-09-23,1.69
2016-09-24,1.69
2016-09-25,1.69
2016-09-26,1.69
2016-09-27,1.68
2016-09-28,1.69
2016-09-29,1.68
2016-09-30,1.69
2016-10-01,1.75
2016-10-02,1.82
2016-10-03,1.75
2016-10-04,1.69
2016-10-05,1.68
2016-10-06,1.68
2016-10-07,1.69
2016-10-08,1.84
2016-10-09,1.73
2016-10-10,1.72
2016-10-11,1.71
2016-10-12,1.71
2016-10-13,1.76
2016-10-14,1.73
2016-10-15,1.71
2016-10-16,1.75
2016-10-17,1.77
2016-10-18,1.79
2016-10-19,1.87
2016-10-20,3.03
2016-10-21,3.73
2016-10-22,3.44
2016-10-23,2.94
2016-10-24,2.25
2016-10-25,2.07
2016-10-26,1.99
2016-10-27,2.35
2016-10-28,2.23
2016-10-29,2.04
2016-10-30,1.98
2016-10-31,1.96
2016-11-01,1.93
2016-11-02,1.93
2016-11-03,3.21
2016-11-04,2.50
2016-11-05,2.12
2016-11-06,2.03
2016-11-07,1.97
2016-11-08,1.94
2016-11-09,1.95
2016-11-10,1.92
2016-11-11,1.91
2016-11-12,1.88
2016-11-13,1.88
2016-11-14,1.88
2016-11-15,1.88
2016-11-16,1.90
2016-11-17,1.91
2016-11-18,1.87
2016-11-19,1.90
2016-11-20,1.99
2016-11-21,2.09
2016-11-22,2.01
2016-11-23,2.02
2016-11-24,2.09
2016-11-25,2.54
2016-11-26,3.04
2016-11-27,3.07
2016-11-28,2.92
2016-11-29,3.37
2016-11-30,2.86
2016-12-01,3.94
2016-12-02,2.56
2016-12-03,2.32
2016-12-04,2.21
2016-12-05,2.14
2016-12-06,2.15
2016-12-07,2.43
2016-12-08,2.26
2016-12-09,2.15
2016-12-10,2.11
2016-12-11,2.07
2016-12-12,2.07
2016-12-13,2.06
2016-12-14,2.05
2016-12-15,2.27
2016-12-16,2.33
2016-12-17,2.05
2016-12-18,3.00
2016-12-19,2.61
2016-12-20,2.24
2016-12-21,2.17
2016-12-22,2.14
2016-12-23,2.08
2016-12-24,2.22
2016-12-25,2.24
2016-12-26,2.78
2016-12-27,3.07
2016-12-28,2.44
2016-12-29,2.23
2016-12-30,2.18
2016-12-31,2.12
2017-01-01,2.11
2017-01-02,2.07
2017-01-03,3.28
2017-01-04,3.24
2017-01-05,2.44
2017-01-06,2.18
2017-01-07,2.38
2017-01-08,2.82
2017-01-09,2.66
2017-01-10,1.99
2017-01-11,2.09
2017-01-12,3.33
2017-01-13,2.92
2017-01-14,2.31
2017-01-15,2.19
2017-01-16,2.12
2017-01-17,3.50
2017-01-18,3.15
2017-01-19,3.05
2017-01-20,2.91
2017-01-21,2.89
2017-01-22,2.85
2017-01-23,2.80
2017-01-24,2.89
2017-01-25,2.90
2017-01-26,2.94
2017-01-27,2.90
2017-01-28,2.82
2017-01-29,2.79
2017-01-30,2.77
2017-01-31,2.76
2017-02-01,2.76
2017-02-02,2.74
2017-02-03,2.73
2017-02-04,2.72
2017-02-05,2.72
2017-02-06,2.71
2017-02-07,3.28
2017-02-08,3.34
2017-02-09,2.88
2017-02-10,2.88
2017-02-11,2.78
2017-02-12,2.83
2017-02-13,2.84
2017-02-14,2.82
2017-02-15,2.84
2017-02-16,3.07
2017-02-17,3.07
2017-02-18,3.24
2017-02-19,3.81
2017-02-20,3.61
2017-02-21,3.28
2017-02-22,3.53
2017-02-23,3.39
2017-02-24,3.98
2017-02-25,3.47
2017-02-26,3.16
2017-02-27,2.97
2017-02-28,2.96
2017-03-01,2.97
2017-03-02,2.97
2017-03-03,2.93
2017-03-04,2.91
2017-03-05,2.89
2017-03-06,2.91
2017-03-07,3.08
2017-03-08,3.49
2017-03-09,3.05
2017-03-10,2.95
2017-03-11,2.91
2017-03-12,2.90
2017-03-13,2.89
2017-03-14,2.94
2017-03-15,3.04
2017-03-16,3.08
2017-03-17,3.09
2017-03-18,3.09
2017-03-19,3.09
2017-03-20,3.09
2017-03-21,3.17
2017-03-22,3.17
2017-03-23,3.11
2017-03-24,3.26
2017-03-25,3.71
2017-03-26,3.92
2017-03-27,3.95
2017-03-28,3.47
2017-03-29,3.18
2017-03-30,3.17
2017-03-31,3.87
2017-04-01,3.81
2017-04-02,3.23
2017-04-03,3.12
2017-04-04,3.70
2017-04-05,3.34
2017-04-06,4.52
2017-04-07,4.53
2017-04-08,3.52
2017-04-09,3.19
2017-04-10,3.21
2017-04-11,3.18
2017-04-12,3.09
2017-04-13,3.02
2017-04-14,2.99
2017-04-15,2.99
2017-04-16,2.96
2017-04-17,2.94
2017-04-18,3.09
2017-04-19,3.08
2017-04-20,3.35
2017-04-21,3.84
2017-04-22,3.24
2017-04-23,2.91
2017-04-24,3.47
2017-04-25,3.48
2017-04-26,3.40
2017-04-27,3.39
2017-04-28,3.35
2017-04-29,3.35
2017-04-30,3.33
2017-05-01,3.56
2017-05-02,3.46
2017-05-03,3.40
2017-05-04,3.38
2017-05-05,3.81
2017-05-06,4.01
2017-05-07,3.43
2017-05-08,3.64
2017-05-09,3.63
2017-05-10,3.60
2017-05-11,3.59
2017-05-12,3.54
2017-05-13,3.53
2017-05-14,3.52
2017-05-15,3.52
2017-05-16,3.51
2017-05-17,3.47
2017-05-18,3.54
2017-05-19,3.67
2017-05-20,3.47
2017-05-21,3.51
2017-05-22,3.51
2017-05-23,3.44
2017-05-24,3.41
2017-05-25,3.44
2017-05-26,3.39
2017-05-27,3.32
2017-05-28,3.30
2017-05-29,3.27
2017-05-30,3.78
2017-05-31,3.56
2017-06-01,3.35
2017-06-02,3.18
2017-06-03,3.17
2017-06-04,3.25
2017-06-05,3.33
2017-06-06,3.78
2017-06-07,3.40
2017-06-08,2.90
2017-06-09,2.84
2017-06-10,2.80
2017-06-11,2.79
2017-06-12,2.77
2017-06-13,2.75
2017-06-14,2.74
2017-06-15,2.89
2017-06-16,2.78
2017-06-17,2.32
2017-06-18,2.63
2017-06-19,2.53
2017-06-20,2.35
2017-06-21,2.62
2017-06-22,2.63
2017-06-23,2.62
2017-06-24,2.71
2017-06-25,2.62
2017-06-26,2.65
2017-06-27,2.63
2017-06-28,2.61
2017-06-29,2.60
2017-06-30,2.84
2017-07-01,4.58
2017-07-02,3.50
2017-07-03,3.45
2017-07-04,3.44
2017-07-05,3.42
2017-07-06,3.41
2017-07-07,3.41
2017-07-08,3.91
2017-07-09,3.44
2017-07-10,3.42
2017-07-11,3.43
2017-07-12,3.55
2017-07-13,3.76
2017-07-14,4.59
2017-07-15,3.66
2017-07-16,3.47
2017-07-17,3.46
2017-07-18,3.44
2017-07-19,3.39
2017-07-20,3.35
2017-07-21,3.33
2017-07-22,3.32
2017-07-23,3.31
2017-07-24,3.56
2017-07-25,3.42
2017-07-26,3.41
2017-07-27,3.51
2017-07-28,3.42
2017-07-29,3.41
2017-07-30,3.39
2017-07-31,3.12
2017-08-01,3.12
2017-08-02,3.10
2017-08-03,3.08
2017-08-04,3.12
2017-08-05,3.28
2017-08-06,2.97
2017-08-07,3.09
2017-08-08,3.07
2017-08-09,2.89
2017-08-10,2.87
2017-08-11,2.86
2017-08-12,2.32
2017-08-13,2.26
2017-08-14,2.23
2017-08-15,2.23
2017-08-16,1.99
2017-08-17,1.97
2017-08-18,1.96
2017-08-19,1.94
2017-08-20,1.88
2017-08-21,1.87
2017-08-22,2.01
2017-08-23,1.97
2017-08-24,1.87
2017-08-25,1.87
2017-08-26,1.85
2017-08-27,1.85
2017-08-28,1.83
2017-08-29,1.83
2017-08-30,1.88
2017-08-31,1.80
2017-09-01,1.76
2017-09-02,1.75
2017-09-03,2.14
2017-09-04,2.02
2017-09-05,2.07
2017-09-06,1.87
2017-09-07,2.01
2017-09-08,1.82
2017-09-09,1.80
2017-09-10,1.78
2017-09-11,1.78
2017-09-12,1.77
2017-09-13,1.79
2017-09-14,1.92
2017-09-15,1.83
2017-09-16,1.83
2017-09-17,1.82
2017-09-18,1.82
2017-09-19,1.83
2017-09-20,2.09
2017-09-21,2.02
2017-09-22,1.86
2017-09-23,1.85
2017-09-24,1.86
2017-09-25,1.92
2017-09-26,1.85
2017-09-27,1.99
2017-09-28,1.87
2017-09-29,1.87
2017-09-30,1.89
2017-10-01,1.86
2017-10-02,1.85
2017-10-03,1.85
2017-10-04,1.87
2017-10-05,1.89
2017-10-06,1.86
2017-10-07,1.88
2017-10-08,1.93
2017-10-09,2.07
2017-10-10,1.96
2017-10-11,1.96
2017-10-12,1.99
2017-10-13,1.89
2017-10-14,1.87
2017-10-15,2.00
2017-10-16,2.00
2017-10-17,1.88
2017-10-18,1.86
2017-10-19,1.86
2017-10-20,1.85
2017-10-21,1.84
2017-10-22,1.83
2017-10-23,1.88
2017-10-24,2.05
2017-10-25,1.87
2017-10-26,1.85
2017-10-27,1.84
2017-10-28,1.86
2017-10-29,3.79
2017-10-30,4.55
2017-10-31,2.72
2017-11-01,2.75
2017-11-02,3.86
2017-11-03,3.37
2017-11-04,3.22
2017-11-05,3.70
2017-11-06,3.55
2017-11-07,3.16
2017-11-08,3.15
2017-11-09,3.14
2017-11-10,3.13
2017-11-11,3.09
2017-11-12,3.07
2017-11-13,3.06
2017-11-14,3.01
2017-11-15,3.00
2017-11-16,2.99
2017-11-17,3.03
2017-11-18,3.05
2017-11-19,3.18
2017-11-20,3.10
2017-11-21,3.01
2017-11-22,3.05
2017-11-23,3.03
2017-11-24,3.01
2017-11-25,2.99
2017-11-26,2.97
2017-11-27,2.97
2017-11-28,2.36
2017-11-29,2.34
2017-11-30,2.33
2017-12-01,2.33
2017-12-02,2.30
2017-12-03,2.29
2017-12-04,2.28
2017-12-05,2.18
2017-12-06,2.21
2017-12-07,2.07
2017-12-08,2.06
2017-12-09,2.08
2017-12-10,2.05
2017-12-11,2.02
2017-12-12,2.03
2017-12-13,2.06
2017-12-14,1.98
2017-12-15,2.30
2017-12-16,2.01
2017-12-17,2.35
2017-12-18,2.01
2017-12-19,2.26
2017-12-20,2.19
2017-12-21,2.03
2017-12-22,2.01
2017-12-23,2.52
2017-12-24,2.41
2017-12-25,2.20
2017-12-26,2.50
2017-12-27,2.74
2017-12-28,2.51
2017-12-29,2.45
2017-12-30,2.19
2017-12-31,1.97
2018-01-01,1.87
2018-01-02,1.79
2018-01-03,1.87
2018-01-04,1.79
2018-01-05,1.81
2018-01-06,1.76
2018-01-07,1.77
2018-01-08,1.78
2018-01-09,1.77
2018-01-10,1.67
2018-01-11,3.50
2018-01-12,4.80
2018-01-13,3.88
2018-01-14,3.23
2018-01-15,3.48
2018-01-16,2.99
2018-01-17,3.11
2018-01-18,3.10
2018-01-19,3.08
2018-01-20,3.09
2018-01-21,3.08
2018-01-22,3.54
2018-01-23,3.86
2018-01-24,3.47
2018-01-25,3.18
2018-01-26,3.13
2018-01-27,3.46
2018-01-28,3.48
2018-01-29,3.17
2018-01-30,3.12
2018-01-31,3.09
2018-02-01,3.12
2018-02-02,3.11
2018-02-03,3.26
2018-02-04,3.07
2018-02-05,3.07
2018-02-06,3.06
2018-02-07,3.06
2018-02-08,3.05
2018-02-09,3.21
2018-02-10,3.04
2018-02-11,3.16
2018-02-12,3.20
2018-02-13,3.12
2018-02-14,3.21
2018-02-15,3.61
2018-02-16,3.61
2018-02-17,3.20
2018-02-18,3.13
2018-02-19,3.29
2018-02-20,3.38
2018-02-21,3.24
2018-02-22,3.19
2018-02-23,3.20
2018-02-24,3.18
2018-02-25,3.44
2018-02-26,3.13
2018-02-27,3.04
2018-02-28,3.12
2018-03-01,3.11
2018-03-02,3.18
2018-03-03,3.18
2018-03-04,3.16
2018-03-05,3.15
2018-03-06,3.18
2018-03-07,3.19
2018-03-08,3.17
2018-03-09,3.00
2018-03-10,2.98
2018-03-11,2.77
2018-03-12,2.74
2018-03-13,2.51
2018-03-14,2.76
2018-03-15,2.77
2018-03-16,2.76
2018-03-17,2.75
2018-03-18,2.73
2018-03-19,2.72
2018-03-20,2.71
2018-03-21,2.71
2018-03-22,2.70
2018-03-23,2.49
2018-03-24,2.48
2018-03-25,2.25
2018-03-26,2.38
2018-03-27,2.60
2018-03-28,3.14
2018-03-29,3.62
2018-03-30,3.84
2018-03-31,2.82
2018-04-01,2.56
2018-04-02,2.43
2018-04-03,2.40
2018-04-04,2.78
2018-04-05,2.75
2018-04-06,2.63
2018-04-07,2.61
2018-04-08,2.52
2018-04-09,2.49
2018-04-10,2.48
2018-04-11,2.47
2018-04-12,2.52
2018-04-13,2.50
2018-04-14,2.46
2018-04-15,2.72
2018-04-16,3.26
2018-04-17,3.22
2018-04-18,2.85
2018-04-19,2.81
2018-04-20,2.80
2018-04-21,2.76
2018-04-22,2.74
2018-04-23,2.73
2018-04-24,2.72
2018-04-25,2.78
2018-04-26,2.78
2018-04-27,2.74
2018-04-28,3.03
2018-04-29,2.92
2018-04-30,2.84
2018-05-01,2.76
2018-05-02,2.74
2018-05-03,2.73
2018-05-04,2.56
2018-05-05,2.53
2018-05-06,2.44
2018-05-07,2.42
2018-05-08,2.40
2018-05-09,2.15
2018-05-10,2.14
2018-05-11,2.12
2018-05-12,2.15
2018-05-13,2.13
2018-05-14,2.12
2018-05-15,2.36
2018-05-16,2.07
2018-05-17,2.16
2018-05-18,1.95
2018-05-19,2.20
2018-05-20,2.15
2018-05-21,2.02
2018-05-22,2.39
2018-05-23,2.11
2018-05-24,1.96
2018-05-25,1.92
2018-05-26,1.90
2018-05-27,1.88
2018-05-28,1.90
2018-05-29,1.86
2018-05-30,1.85
2018-05-31,1.85
2018-06-01,2.19
2018-06-02,1.96
2018-06-03,1.90
2018-06-04,1.90
2018-06-05,1.87
2018-06-06,1.86
2018-06-07,1.83
2018-06-08,1.82
2018-06-09,1.81
2018-06-10,1.83
2018-06-11,1.80
2018-06-12,1.82
2018-06-13,1.80
2018-06-14,1.80
2018-06-15,1.80
2018-06-16,1.79
2018-06-17,1.78
2018-06-18,1.89
2018-06-19,1.83
2018-06-20,1.81
2018-06-21,1.80
2018-06-22,1.79
2018-06-23,1.79
2018-06-24,1.79
2018-06-25,1.78
2018-06-26,1.81
2018-06-27,2.05
2018-06-28,2.05
2018-06-29,1.80
2018-06-30,1.79
2018-07-01,1.73
2018-07-02,1.94
2018-07-03,1.88
2018-07-04,1.75
2018-07-05,1.82
2018-07-06,1.89
2018-07-07,1.91
2018-07-08,1.91
2018-07-09,1.90
2018-07-10,1.87
2018-07-11,1.81
2018-07-12,1.80
2018-07-13,1.79
2018-07-14,1.78
2018-07-15,1.77
2018-07-16,1.93
2018-07-17,1.92
2018-07-18,1.79
2018-07-19,1.78
2018-07-20,2.01
2018-07-21,1.74
2018-07-22,1.76
2018-07-23,2.00
2018-07-24,2.64
2018-07-25,2.72
2018-07-26,2.45
2018-07-27,2.18
2018-07-28,1.88
2018-07-29,1.82
2018-07-30,1.79
2018-07-31,1.79
2018-08-01,1.78
2018-08-02,1.77
2018-08-03,1.77
2018-08-04,1.75
2018-08-05,1.74
2018-08-06,1.75
2018-08-07,1.75
2018-08-08,1.82
2018-08-09,1.85
2018-08-10,1.77
2018-08-11,1.75
2018-08-12,1.74
2018-08-13,1.75
2018-08-14,2.00
2018-08-15,1.87
2018-08-16,1.75
2018-08-17,1.92
2018-08-18,1.81
2018-08-19,1.75
2018-08-20,1.73
2018-08-21,1.73
2018-08-22,1.74
2018-08-23,1.76
2018-08-24,1.75
2018-08-25,1.81
2018-08-26,1.84
2018-08-27,1.85
2018-08-28,1.85
2018-08-29,2.08
2018-08-30,2.14
2018-08-31,1.79
2018-09-01,1.79
2018-09-02,1.78
2018-09-03,1.78
2018-09-04,1.78
2018-09-05,1.78
2018-09-06,1.77
2018-09-07,1.78
2018-09-08,1.78
2018-09-09,1.77
2018-09-10,2.09
2018-09-11,1.91
2018-09-12,1.82
2018-09-13,1.80
2018-09-14,1.79
2018-09-15,1.80
2018-09-16,1.79
2018-09-17,1.82
2018-09-18,1.90
2018-09-19,1.79
2018-09-20,1.79
2018-09-21,1.89
2018-09-22,2.00
2018-09-23,1.81
2018-09-24,1.81
2018-09-25,2.18
2018-09-26,1.96
2018-09-27,1.89
2018-09-28,1.85
2018-09-29,1.83
2018-09-30,1.81
2018-10-01,1.82
2018-10-02,3.06
2018-10-03,2.69
2018-10-04,2.40
2018-10-05,2.17
2018-10-06,1.99
2018-10-07,2.04
2018-10-08,1.95
2018-10-09,1.92
2018-10-10,1.91
2018-10-11,2.54
2018-10-12,2.19
2018-10-13,2.00
2018-10-14,1.98
2018-10-15,1.98
2018-10-16,1.96
2018-10-17,1.94
2018-10-18,1.95
2018-10-19,1.92
2018-10-20,1.94
2018-10-21,1.90
2018-10-22,1.88
2018-10-23,2.10
2018-10-24,2.14
2018-10-25,2.01
2018-10-26,1.95
2018-10-27,2.93
2018-10-28,2.83
2018-10-29,2.26
2018-10-30,2.17
2018-10-31,2.06
2018-11-01,2.32
2018-11-02,2.38
2018-11-03,2.38
2018-11-04,2.24
2018-11-05,2.09
2018-11-06,2.50
2018-11-07,2.43
2018-11-08,2.11
2018-11-09,2.48
2018-11-10,2.70
2018-11-11,2.20
2018-11-12,2.08
2018-11-13,2.20
2018-11-14,2.17
2018-11-15,2.08
2018-11-16,2.36
2018-11-17,2.40
2018-11-18,2.42
2018-11-19,2.45
2018-11-20,2.73
2018-11-21,2.73
2018-11-22,2.68
2018-11-23,2.64
2018-11-24,2.55
2018-11-25,2.92
2018-11-26,3.43
2018-11-27,3.35
2018-11-28,2.75
2018-11-29,2.73
2018-11-30,2.80
2018-12-01,2.87
2018-12-02,4.02
2018-12-03,3.41
2018-12-04,3.35
2018-12-05,3.22
2018-12-06,3.16
2018-12-07,3.13
2018-12-08,3.10
2018-12-09,3.09
2018-12-10,3.08
2018-12-11,3.07
2018-12-12,3.06
2018-12-13,3.09
2018-12-14,3.07
2018-12-15,2.92
2018-12-16,2.89
2018-12-17,2.88
2018-12-18,2.87
2018-12-19,3.08
2018-12-20,3.08
2018-12-21,4.04
2018-12-22,4.06
2018-12-23,2.98
2018-12-24,2.86
2018-12-25,2.84
2018-12-26,2.93
2018-12-27,2.93
2018-12-28,3.10
2018-12-29,2.87
2018-12-30,2.72
2018-12-31,2.91
2019-01-01,3.00
2019-01-02,2.72
2019-01-03,2.66
2019-01-04,2.92
2019-01-05,2.90
2019-01-06,2.84
2019-01-07,3.12
2019-01-08,3.27
2019-01-09,3.93
2019-01-10,3.23
2019-01-11,3.12
2019-01-12,3.13
2019-01-13,3.07
2019-01-14,3.05
2019-01-15,3.16
2019-01-16,3.17
2019-01-17,3.14
2019-01-18,3.14
2019-01-19,3.12
2019-01-20,3.13
2019-01-21,3.37
2019-01-22,3.82
2019-01-23,3.20
2019-01-24,3.68
2019-01-25,3.44
2019-01-26,3.29
2019-01-27,3.24
2019-01-28,3.23
2019-01-29,3.20
2019-01-30,3.25
2019-01-31,3.47
2019-02-01,3.64
2019-02-02,3.86
2019-02-03,3.29
2019-02-04,3.72
2019-02-05,3.70
2019-02-06,3.76
2019-02-07,3.66
2019-02-08,3.49
2019-02-09,3.39
2019-02-10,3.34
2019-02-11,3.43
2019-02-12,3.42
2019-02-13,3.38
2019-02-14,3.37
2019-02-15,3.29
2019-02-16,3.28
2019-02-17,3.26
2019-02-18,3.24
2019-02-19,3.23
2019-02-20,3.22
2019-02-21,3.30
2019-02-22,3.30
2019-02-23,3.27
2019-02-24,3.84
2019-02-25,3.56
2019-02-26,3.30
2019-02-27,3.47
2019-02-28,3.53
2019-03-01,3.23
2019-03-02,3.21
2019-03-03,3.20
2019-03-04,3.19
2019-03-05,2.60
2019-03-06,2.46
2019-03-07,2.82
2019-03-08,2.58
2019-03-09,2.53
2019-03-10,2.52
2019-03-11,2.51
2019-03-12,2.44
2019-03-13,2.80
2019-03-14,3.42
2019-03-15,3.32
2019-03-16,3.00
2019-03-17,2.83
2019-03-18,2.80
2019-03-19,2.79
2019-03-20,2.77
2019-03-21,2.83
2019-03-22,2.90
2019-03-23,2.84
2019-03-24,2.89
2019-03-25,2.88
2019-03-26,2.80
2019-03-27,2.76
2019-03-28,2.76
2019-03-29,2.75
2019-03-30,2.74
2019-03-31,2.80
2019-04-01,2.78
2019-04-02,2.45
2019-04-03,2.41
2019-04-04,2.38
2019-04-05,2.59
2019-04-06,2.54
2019-04-07,2.41
2019-04-08,2.47
2019-04-09,2.41
2019-04-10,2.38
2019-04-11,2.35
2019-04-12,2.35
2019-04-13,2.34
2019-04-14,2.42
2019-04-15,2.93
2019-04-16,2.53
2019-04-17,2.41
2019-04-18,2.38
2019-04-19,3.39
2019-04-20,3.39
2019-04-21,2.53
2019-04-22,2.44
2019-04-23,2.41
2019-04-24,2.41
2019-04-25,2.55
2019-04-26,3.20
2019-04-27,3.04
2019-04-28,2.66
2019-04-29,2.60
2019-04-30,2.59
2019-05-01,2.64
2019-05-02,2.66
2019-05-03,2.72
2019-05-04,2.63
2019-05-05,2.58
2019-05-06,2.67
2019-05-07,2.66
2019-05-08,2.62
2019-05-09,2.56
2019-05-10,3.18
2019-05-11,2.76
2019-05-12,3.09
2019-05-13,3.60
2019-05-14,3.60
2019-05-15,3.53
2019-05-16,3.51
2019-05-17,3.49
2019-05-18,3.47
2019-05-19,3.59
2019-05-20,3.59
2019-05-21,3.47
2019-05-22,3.45
2019-05-23,3.45
2019-05-24,3.43
2019-05-25,3.45
2019-05-26,3.41
2019-05-27,3.34
2019-05-28,3.35
2019-05-29,3.32
2019-05-30,3.31
2019-05-31,3.19
2019-06-01,3.33
2019-06-02,3.33
2019-06-03,3.10
2019-06-04,2.44
2019-06-05,2.69
2019-06-06,2.69
2019-06-07,2.43
2019-06-08,2.37
2019-06-09,2.35
2019-06-10,2.68
2019-06-11,2.62
2019-06-12,2.39
2019-06-13,2.45
2019-06-14,2.23
2019-06-15,2.09
2019-06-16,2.49
2019-06-17,2.45
2019-06-18,2.14
2019-06-19,2.07
2019-06-20,3.56
2019-06-21,3.53
2019-06-22,3.47
2019-06-23,3.46
2019-06-24,3.48
2019-06-25,3.66
2019-06-26,3.45
2019-06-27,3.44
2019-06-28,3.43
2019-06-29,3.41
2019-06-30,3.40
2019-07-01,3.40
2019-07-02,3.15
2019-07-03,3.14
2019-07-04,2.33
2019-07-05,2.30
2019-07-06,2.53
2019-07-07,2.33
2019-07-08,2.28
2019-07-09,2.27
2019-07-10,2.25
2019-07-11,2.24
2019-07-12,2.91
2019-07-13,1.95
2019-07-14,1.90
2019-07-15,1.88
2019-07-16,2.52
2019-07-17,2.91
2019-07-18,2.74
2019-07-19,2.67
2019-07-20,2.80
2019-07-21,2.70
2019-07-22,2.97
2019-07-23,2.82
2019-07-24,2.68
2019-07-25,2.66
2019-07-26,2.62
2019-07-27,2.21
2019-07-28,1.96
2019-07-29,2.00
2019-07-30,2.75
2019-07-31,2.76
2019-08-01,1.89
2019-08-02,1.79
2019-08-03,1.75
2019-08-04,1.73
2019-08-05,1.71
2019-08-06,2.22
2019-08-07,2.25
2019-08-08,2.21
2019-08-09,3.02
2019-08-10,2.86
2019-08-11,2.00
2019-08-12,1.88
2019-08-13,2.31
2019-08-14,2.00
2019-08-15,1.86
2019-08-16,2.23
2019-08-17,2.65
2019-08-18,2.99
2019-08-19,2.72
2019-08-20,2.01
2019-08-21,2.12
2019-08-22,2.12
2019-08-23,1.96
2019-08-24,1.90
2019-08-25,1.87
2019-08-26,1.94
2019-08-27,1.91
2019-08-28,2.06
2019-08-29,1.95
2019-08-30,1.89
2019-08-31,1.88
2019-09-01,2.01
2019-09-02,2.96
2019-09-03,2.17
2019-09-04,2.12
2019-09-05,1.98
2019-09-06,1.93
2019-09-07,1.91
2019-09-08,1.90
2019-09-09,1.90
2019-09-10,1.89
2019-09-11,1.94
2019-09-12,1.89
2019-09-13,1.89
2019-09-14,1.90
2019-09-15,1.90
2019-09-16,1.89
2019-09-17,1.88
2019-09-18,1.87
2019-09-19,1.87
2019-09-20,1.87
2019-09-21,1.87
2019-09-22,1.86
2019-09-23,2.20
2019-09-24,2.04
2019-09-25,1.91
2019-09-26,1.90
2019-09-27,1.89
2019-09-28,1.93
2019-09-29,1.96
2019-09-30,1.89
2019-10-01,1.89
2019-10-02,2.05
2019-10-03,2.01
2019-10-04,2.01
2019-10-05,1.93
2019-10-06,1.91
2019-10-07,2.88
2019-10-08,2.36
2019-10-09,2.02
2019-10-10,1.96
2019-10-11,1.94
2019-10-12,1.92
2019-10-13,1.91
2019-10-14,1.91
2019-10-15,1.95
2019-10-16,3.21
2019-10-17,3.33
2019-10-18,2.79
2019-10-19,2.30
2019-10-20,2.12
2019-10-21,2.26
2019-10-22,2.76
2019-10-23,2.65
2019-10-24,2.35
2019-10-25,2.29
2019-10-26,2.29
2019-10-27,2.56
2019-10-28,2.59
2019-10-29,2.58
2019-10-30,2.55
2019-10-31,4.70
2019-11-01,4.64
2019-11-02,3.34
2019-11-03,3.21
2019-11-04,3.18
2019-11-05,3.20
2019-11-06,3.18
2019-11-07,3.17
2019-11-08,3.17
2019-11-09,3.17
2019-11-10,3.15
2019-11-11,3.15
2019-11-12,3.15
2019-11-13,3.14
2019-11-14,3.15
2019-11-15,3.16
2019-11-16,3.15
2019-11-17,3.12
2019-11-18,3.12
2019-11-19,3.12
2019-11-20,3.12
2019-11-21,3.10
2019-11-22,3.28
2019-11-23,3.10
2019-11-24,3.09
2019-11-25,3.08
2019-11-26,3.08
2019-11-27,3.10
2019-11-28,3.11
2019-11-29,3.09
2019-11-30,3.08
2019-12-01,3.08
2019-12-02,3.07
2019-12-03,3.07
2019-12-04,3.08
2019-12-05,3.09
2019-12-06,3.09
2019-12-07,3.08
2019-12-08,3.09
2019-12-09,3.82
2019-12-10,3.91
2019-12-11,3.35
2019-12-12,3.11
2019-12-13,3.07
2019-12-14,3.93
2019-12-15,3.59
2019-12-16,3.21
2019-12-17,3.12
2019-12-18,3.10
2019-12-19,3.06
2019-12-20,3.05
2019-12-21,3.04
2019-12-22,3.04
2019-12-23,3.08
2019-12-24,3.09
2019-12-25,3.06
2019-12-26,3.06
2019-12-27,3.39
2019-12-28,3.14
2019-12-29,3.08
2019-12-30,3.86
2019-12-31,3.21
2020-01-01,3.05
2020-01-02,2.95
2020-01-03,2.92
2020-01-04,3.21
2020-01-05,3.08
2020-01-06,2.94
2020-01-07,2.92
2020-01-08,2.89
2020-01-09,2.87
2020-01-10,3.08
2020-01-11,3.13
2020-01-12,3.05
2020-01-13,2.93
2020-01-14,2.89
2020-01-15,2.88
2020-01-16,2.91
2020-01-17,2.89
2020-01-18,2.87
2020-01-19,2.86
2020-01-20,2.85
2020-01-21,2.85
2020-01-22,2.84
2020-01-23,2.84
2020-01-24,2.86
2020-01-25,3.53
2020-01-26,3.45
2020-01-27,3.18
2020-01-28,3.05
2020-01-29,2.98
2020-01-30,2.91
2020-01-31,2.89
2020-02-01,2.88
2020-02-02,2.87
2020-02-03,2.94
2020-02-04,2.92
2020-02-05,2.89
2020-02-06,2.89
2020-02-07,2.93
2020-02-08,2.89
2020-02-09,2.89
2020-02-10,2.94
2020-02-11,2.94
2020-02-12,2.92
2020-02-13,2.91
2020-02-14,2.89
2020-02-15,2.92
2020-02-16,2.86
2020-02-17,2.85
2020-02-18,2.94
2020-02-19,2.94
2020-02-20,2.90
2020-02-21,2.86
2020-02-22,2.57
2020-02-23,2.57
2020-02-24,2.61
2020-02-25,2.65
2020-02-26,2.89
2020-02-27,3.63
2020-02-28,2.70
2020-02-29,2.55
2020-03-01,2.44
2020-03-02,3.08
2020-03-03,3.71
2020-03-04,3.61
2020-03-05,2.76
2020-03-06,2.58
2020-03-07,2.53
2020-03-08,2.46
2020-03-09,2.45
2020-03-10,2.56
2020-03-11,2.53
2020-03-12,2.43
2020-03-13,2.64
2020-03-14,2.63
2020-03-15,2.61
2020-03-16,2.60
2020-03-17,2.60
2020-03-18,2.59
2020-03-19,2.63
2020-03-20,2.80
2020-03-21,2.64
2020-03-22,2.59
2020-03-23,2.63
2020-03-24,2.77
2020-03-25,2.87
2020-03-26,2.77
2020-03-27,2.65
2020-03-28,2.69
2020-03-29,2.88
2020-03-30,3.07
2020-03-31,2.97
2020-04-01,2.76
2020-04-02,2.68
2020-04-03,2.66
2020-04-04,2.66
2020-04-05,2.63
2020-04-06,2.61
2020-04-07,2.61
2020-04-08,2.66
2020-04-09,2.63
2020-04-10,2.69
2020-04-11,2.66
2020-04-12,2.61
2020-04-13,2.62
2020-04-14,2.60
2020-04-15,2.60
2020-04-16,2.62
2020-04-17,2.61
2020-04-18,2.62
2020-04-19,2.69
2020-04-20,2.66
2020-04-21,2.59
2020-04-22,2.60
2020-04-23,2.59
2020-04-24,2.34
2020-04-25,2.32
2020-04-26,2.55
2020-04-27,2.62
2020-04-28,2.43
2020-04-29,2.37
2020-04-30,4.36
2020-05-01,4.48
2020-05-02,3.13
2020-05-03,3.00
2020-05-04,2.95
2020-05-05,2.92
2020-05-06,2.90
2020-05-07,2.90
2020-05-08,2.88
2020-05-09,2.88
2020-05-10,2.87
2020-05-11,2.87
2020-05-12,2.86
2020-05-13,3.06
2020-05-14,3.07
2020-05-15,3.27
2020-05-16,3.22
2020-05-17,3.13
2020-05-18,3.16
2020-05-19,3.14
2020-05-20,3.12
2020-05-21,2.31
2020-05-22,2.29
2020-05-23,2.32
2020-05-24,2.28
2020-05-25,2.28
2020-05-26,2.26
2020-05-27,2.25
2020-05-28,2.92
2020-05-29,2.18
2020-05-30,2.19
2020-05-31,2.14
2020-06-01,2.11
2020-06-02,1.95
2020-06-03,1.96
2020-06-04,1.93
2020-06-05,2.42
2020-06-06,1.89
2020-06-07,1.87
2020-06-08,1.87
2020-06-09,1.86
2020-06-10,1.85
2020-06-11,1.85
2020-06-12,1.84
2020-06-13,1.83
2020-06-14,1.83
2020-06-15,1.82
2020-06-16,1.81
2020-06-17,1.80
2020-06-18,1.79
2020-06-19,1.78
2020-06-20,1.77
2020-06-21,1.78
2020-06-22,1.75
2020-06-23,1.75
2020-06-24,1.77
2020-06-25,1.76
2020-06-26,1.74
2020-06-27,1.84
2020-06-28,1.88
2020-06-29,1.74
2020-06-30,1.72
2020-07-01,1.72
2020-07-02,1.71
2020-07-03,1.70
2020-07-04,1.68
2020-07-05,1.67
2020-07-06,1.66
2020-07-07,1.66
2020-07-08,1.66
2020-07-09,1.65
2020-07-10,1.66
2020-07-11,2.60
2020-07-12,2.63
2020-07-13,1.79
2020-07-14,1.74
2020-07-15,1.72
2020-07-16,2.94
2020-07-17,2.71
2020-07-18,1.86
2020-07-19,1.77
2020-07-20,1.76
2020-07-21,1.73
2020-07-22,1.90
2020-07-23,2.01
2020-07-24,1.83
2020-07-25,1.73
2020-07-26,1.72
2020-07-27,1.72
2020-07-28,2.01
2020-07-29,1.77
2020-07-30,1.76
2020-07-31,1.72
2020-08-01,1.71
2020-08-02,1.70
2020-08-03,1.70
2020-08-04,2.08
2020-08-05,1.91
2020-08-06,1.74
2020-08-07,1.72
2020-08-08,1.72
2020-08-09,1.80
2020-08-10,1.70
2020-08-11,1.72
2020-08-12,1.71
2020-08-13,1.68
2020-08-14,1.69
2020-08-15,1.68
2020-08-16,1.68
2020-08-17,1.74
2020-08-18,1.69
2020-08-19,1.73
2020-08-20,1.68
2020-08-21,1.67
2020-08-22,1.67
2020-08-23,1.66
2020-08-24,1.66
2020-08-25,1.71
2020-08-26,1.66
2020-08-27,1.85
2020-08-28,1.69
2020-08-29,1.68
2020-08-30,1.68
2020-08-31,1.68
2020-09-01,1.67
2020-09-02,1.67
2020-09-03,1.67
2020-09-04,1.67
2020-09-05,1.68
2020-09-06,1.68
2020-09-07,1.68
2020-09-08,1.69
2020-09-09,1.70
2020-09-10,1.69
2020-09-11,1.80
2020-09-12,1.69
2020-09-13,1.75
2020-09-14,1.76
2020-09-15,1.72
2020-09-16,1.72
2020-09-17,1.71
2020-09-18,1.71
2020-09-19,1.77
2020-09-20,1.71
2020-09-21,1.72
2020-09-22,1.71
2020-09-23,1.71
2020-09-24,1.72
2020-09-25,1.81
2020-09-26,1.75
2020-09-27,1.75
2020-09-28,1.76
2020-09-29,1.87
2020-09-30,1.96
2020-10-01,1.82
2020-10-02,1.80
2020-10-03,1.78
2020-10-04,1.78
2020-10-05,1.91
2020-10-06,1.82
2020-10-07,1.88
2020-10-08,1.84
2020-10-09,1.82
2020-10-10,1.82
2020-10-11,1.80
2020-10-12,1.80
2020-10-13,1.80
2020-10-14,1.79
2020-10-15,1.85
2020-10-16,1.90
2020-10-17,1.82
2020-10-18,1.81
2020-10-19,1.89
2020-10-20,1.93
2020-10-21,2.11
2020-10-22,1.82
2020-10-23,1.80
2020-10-24,1.84
2020-10-25,1.81
2020-10-26,1.92
2020-10-27,1.90
2020-10-28,1.84
2020-10-29,1.88
2020-10-30,1.89
2020-10-31,1.83
2020-11-01,1.85
2020-11-02,1.84
2020-11-03,1.86
2020-11-04,1.91
2020-11-05,1.81
2020-11-06,1.79
2020-11-07,1.78
2020-11-08,1.80
2020-11-09,1.78
2020-11-10,2.33
2020-11-11,1.96
2020-11-12,1.87
2020-11-13,1.82
2020-11-14,1.82
2020-11-15,1.85
2020-11-16,1.88
2020-11-17,1.84
2020-11-18,1.84
2020-11-19,1.78
2020-11-20,1.78
2020-11-21,1.76
2020-11-22,1.75
2020-11-23,1.83
2020-11-24,1.79
2020-11-25,1.80
2020-11-26,1.91
2020-11-27,1.86
2020-11-28,1.79
2020-11-29,1.77
2020-11-30,1.90
2020-12-01,1.86
2020-12-02,1.87
2020-12-03,1.84
2020-12-04,1.83
2020-12-05,1.83
2020-12-06,1.79
2020-12-07,1.77
2020-12-08,1.76
2020-12-09,1.76
2020-12-10,1.81
2020-12-11,1.81
2020-12-12,1.75
2020-12-13,1.74
2020-12-14,1.86
2020-12-15,1.78
2020-12-16,1.83
2020-12-17,1.85
2020-12-18,1.72
2020-12-19,1.91
2020-12-20,1.70
2020-12-21,1.71
2020-12-22,1.73
2020-12-23,1.73
2020-12-24,2.62
2020-12-25,3.53
2020-12-26,2.48
2020-12-27,2.07
2020-12-28,1.96
2020-12-29,1.92
2020-12-30,1.90
2020-12-31,2.02
2021-01-01,2.06
2021-01-02,3.14
2021-01-03,2.55
2021-01-04,2.18
2021-01-05,2.08
2021-01-06,2.03
2021-01-07,1.97
2021-01-08,1.92
2021-01-09,2.00
2021-01-10,1.85
2021-01-11,1.83
2021-01-12,1.83
2021-01-13,1.82
2021-01-14,1.83
2021-01-15,1.83
2021-01-16,2.00
2021-01-17,1.95
2021-01-18,1.89
2021-01-19,1.87
2021-01-20,1.84
2021-01-21,1.89
2021-01-22,1.83
2021-01-23,1.92
2021-01-24,1.99
2021-01-25,1.83
2021-01-26,1.83
2021-01-27,1.81
2021-01-28,1.88
2021-01-29,1.95
2021-01-30,1.79
2021-01-31,1.81
2021-02-01,1.79
2021-02-02,1.87
2021-02-03,1.95
2021-02-04,1.97
2021-02-05,1.91
2021-02-06,1.99
2021-02-07,2.14
2021-02-08,1.98
2021-02-09,1.82
2021-02-10,1.96
2021-02-11,1.87
2021-02-12,1.95
2021-02-13,1.82
2021-02-14,1.61
2021-02-15,1.80
2021-02-16,1.89
2021-02-17,1.94
2021-02-18,1.81
2021-02-19,1.78
2021-02-20,1.79
2021-02-21,1.84
2021-02-22,1.81
2021-02-23,1.81
2021-02-24,2.03
2021-02-25,2.11
2021-02-26,2.03
2021-02-27,2.39
2021-02-28,2.40
2021-03-01,3.08
2021-03-02,3.18
2021-03-03,2.30
2021-03-04,2.19
2021-03-05,2.16
2021-03-06,2.02
2021-03-07,2.01
2021-03-08,2.11
2021-03-09,2.08
2021-03-10,2.85
2021-03-11,3.04
2021-03-12,2.84
2021-03-13,2.28
2021-03-14,2.09
2021-03-15,2.03
2021-03-16,1.95
2021-03-17,1.95
2021-03-18,2.07
2021-03-19,2.02
2021-03-20,1.92
2021-03-21,1.91
2021-03-22,1.89
2021-03-23,1.87
2021-03-24,1.96
2021-03-25,1.92
2021-03-26,1.98
2021-03-27,1.92
2021-03-28,2.25
2021-03-29,2.20
2021-03-30,2.02
2021-03-31,2.10
2021-04-01,2.06
2021-04-02,2.05
2021-04-03,1.96
2021-04-04,1.93
2021-04-05,1.89
2021-04-06,1.89
2021-04-07,1.87
2021-04-08,1.86
2021-04-09,1.84
2021-04-10,1.83
2021-04-11,1.84
2021-04-12,1.92
2021-04-13,1.94
2021-04-14,1.82
2021-04-15,1.87
2021-04-16,2.13
2021-04-17,2.04
2021-04-18,1.90
2021-04-19,1.86
2021-04-20,1.84
2021-04-21,1.91
2021-04-22,1.91
2021-04-23,1.90
2021-04-24,1.85
2021-04-25,1.82
2021-04-26,1.81
2021-04-27,1.80
2021-04-28,1.79
2021-04-29,2.28
2021-04-30,2.22
2021-05-01,1.99
2021-05-02,1.91
2021-05-03,1.89
2021-05-04,1.92
2021-05-05,2.03
2021-05-06,1.97
2021-05-07,2.00
2021-05-08,3.28
2021-05-09,2.36
2021-05-10,2.37
2021-05-11,2.16
2021-05-12,2.04
2021-05-13,1.97
2021-05-14,1.93
2021-05-15,1.90
2021-05-16,1.87
2021-05-17,1.85
2021-05-18,1.83
2021-05-19,1.81
2021-05-20,1.80
2021-05-21,1.79
2021-05-22,1.77
2021-05-23,1.77
2021-05-24,1.76
2021-05-25,1.76
2021-05-26,1.94
2021-05-27,1.83
2021-05-28,1.92
2021-05-29,1.92
2021-05-30,1.78
2021-05-31,1.75
2021-06-01,1.73
2021-06-02,1.72
2021-06-03,1.73
2021-06-04,1.71
2021-06-05,1.69
2021-06-06,1.69
2021-06-07,1.68
2021-06-08,3.34
2021-06-09,3.15
2021-06-10,1.93
2021-06-11,1.80
2021-06-12,1.77
2021-06-13,1.99
2021-06-14,2.17
2021-06-15,1.92
2021-06-16,1.85
2021-06-17,1.82
2021-06-18,1.81
2021-06-19,1.82
2021-06-20,1.81
2021-06-21,1.92
2021-06-22,1.86
2021-06-23,1.76
2021-06-24,1.75
2021-06-25,1.73
2021-06-26,1.72
2021-06-27,1.71
2021-06-28,1.81
2021-06-29,1.69
2021-06-30,1.70
2021-07-01,1.65
2021-07-02,1.87
2021-07-03,1.66
2021-07-04,1.64
2021-07-05,1.61
2021-07-06,1.64
2021-07-07,1.66
2021-07-08,1.95
2021-07-09,3.06
2021-07-10,2.14
2021-07-11,1.80
2021-07-12,3.00
2021-07-13,2.14
2021-07-14,2.29
2021-07-15,1.91
2021-07-16,1.77
2021-07-17,2.34
2021-07-18,2.72
2021-07-19,2.06
2021-07-20,2.32
2021-07-21,2.31
2021-07-22,1.86
2021-07-23,1.77
2021-07-24,1.72
2021-07-25,1.84
2021-07-26,1.69
2021-07-27,2.36
2021-07-28,1.91
2021-07-29,1.70
2021-07-30,1.67
2021-07-31,1.63
2021-08-01,1.70
2021-08-02,1.73
2021-08-03,1.62
2021-08-04,1.59
2021-08-05,1.57
2021-08-06,1.55
2021-08-07,1.56
2021-08-08,1.53
2021-08-09,1.52
2021-08-10,1.52
2021-08-11,1.67
2021-08-12,1.70
2021-08-13,1.77
2021-08-14,1.83
2021-08-15,1.73
2021-08-16,1.72
2021-08-17,3.73
2021-08-18,3.68
2021-08-19,5.43
2021-08-20,3.86
2021-08-21,3.98
2021-08-22,3.67
2021-08-23,3.50
2021-08-24,3.47
2021-08-25,3.45
2021-08-26,3.43
2021-08-27,3.42
2021-08-28,3.41
2021-08-29,3.40
2021-08-30,3.39
2021-08-31,3.39
2021-09-01,3.38
2021-09-02,3.38
2021-09-03,3.37
2021-09-04,3.37
2021-09-05,3.24
2021-09-06,3.10
2021-09-07,3.09
2021-09-08,3.08
2021-09-09,3.17
2021-09-10,3.10
2021-09-11,3.08
2021-09-12,3.08
2021-09-13,3.28
2021-09-14,3.09
2021-09-15,3.44
2021-09-16,3.22
2021-09-17,3.10
2021-09-18,2.16
2021-09-19,2.10
2021-09-20,2.05
2021-09-21,2.03
2021-09-22,2.39
2021-09-23,3.58
2021-09-24,2.85
2021-09-25,2.48
2021-09-26,2.42
2021-09-27,2.40
2021-09-28,2.07
2021-09-29,2.05
2021-09-30,2.05
2021-10-01,2.03
2021-10-02,2.02
2021-10-03,2.56
2021-10-04,3.96
2021-10-05,3.45
2021-10-06,3.15
2021-10-07,3.06
2021-10-08,3.04
2021-10-09,3.02
2021-10-10,3.01
2021-10-11,3.00
2021-10-12,2.98
2021-10-13,2.98
2021-10-14,2.98
2021-10-15,3.00
2021-10-16,3.75
2021-10-17,3.40
2021-10-18,3.73
2021-10-19,3.34
2021-10-20,3.17
2021-10-21,3.19
2021-10-22,3.36
2021-10-23,3.16
2021-10-24,3.12
2021-10-25,3.27
2021-10-26,5.15
2021-10-27,4.61
2021-10-28,3.56
2021-10-29,3.56
2021-10-30,4.47
2021-10-31,3.62
2021-11-01,3.45
2021-11-02,3.39
2021-11-03,3.36
2021-11-04,3.35
2021-11-05,3.33
2021-11-06,3.32
2021-11-07,3.31
2021-11-08,3.30
2021-11-09,3.29
2021-11-10,3.31
2021-11-11,3.29
2021-11-12,4.10
2021-11-13,3.39
2021-11-14,3.29
2021-11-15,3.23
2021-11-16,3.25
2021-11-17,3.21
2021-11-18,3.17
2021-11-19,3.13
2021-11-20,2.99
2021-11-21,2.93
2021-11-22,2.92
2021-11-23,2.90
2021-11-24,3.02
2021-11-25,2.98
2021-11-26,3.24
2021-11-27,3.03
2021-11-28,2.94
2021-11-29,2.96
2021-11-30,2.95
2021-12-01,2.95
2021-12-02,2.96
2021-12-03,2.94
2021-12-04,2.90
2021-12-05,2.88
2021-12-06,2.96
2021-12-07,2.92
2021-12-08,2.91
2021-12-09,3.37
2021-12-10,3.37
2021-12-11,3.33
2021-12-12,3.19
2021-12-13,3.13
2021-12-14,3.11
2021-12-15,3.17
2021-12-16,3.17
2021-12-17,3.08
2021-12-18,3.22
2021-12-19,3.23
2021-12-20,3.07
2021-12-21,3.05
2021-12-22,3.05
2021-12-23,3.04
2021-12-24,3.04
2021-12-25,3.84
2021-12-26,3.56
2021-12-27,3.21
2021-12-28,3.13
2021-12-29,3.09
2021-12-30,3.07
2021-12-31,3.07
2022-01-01,3.20
2022-01-02,3.31
2022-01-03,3.40
2022-01-04,3.40
2022-01-05,3.40
2022-01-06,3.38
2022-01-07,3.36
2022-01-08,3.34
2022-01-09,3.36
2022-01-10,3.35
2022-01-11,3.32
2022-01-12,3.31
2022-01-13,3.31
2022-01-14,3.31
2022-01-15,3.29
2022-01-16,3.29
2022-01-17,3.31
2022-01-18,3.31
2022-01-19,3.31
2022-01-20,3.31
2022-01-21,3.28
2022-01-22,3.29
2022-01-23,3.28
2022-01-24,3.28
2022-01-25,3.27
2022-01-26,3.48
2022-01-27,3.82
2022-01-28,3.07
2022-01-29,3.78
2022-01-30,3.72
2022-01-31,3.04
2022-02-01,3.03
2022-02-02,2.87
2022-02-03,2.91
2022-02-04,2.96
2022-02-05,2.89
2022-02-06,3.53
2022-02-07,2.88
2022-02-08,2.87
2022-02-09,2.87
2022-02-10,2.88
2022-02-11,2.88
2022-02-12,2.89
2022-02-13,2.81
2022-02-14,2.90
2022-02-15,3.31
2022-02-16,2.67
2022-02-17,4.40
2022-02-18,4.89
2022-02-19,3.34
2022-02-20,3.30
2022-02-21,3.29
2022-02-22,4.23
2022-02-23,4.07
2022-02-24,3.25
2022-02-25,2.82
2022-02-26,2.78
2022-02-27,2.76
2022-02-28,2.85
2022-03-01,3.05
2022-03-02,3.07
2022-03-03,3.07
2022-03-04,3.04
2022-03-05,3.03
2022-03-06,3.79
2022-03-07,3.74
2022-03-08,3.62
2022-03-09,3.22
2022-03-10,3.19
2022-03-11,3.17
2022-03-12,3.15
2022-03-13,3.12
2022-03-14,3.25
2022-03-15,3.27
2022-03-16,3.27
2022-03-17,3.18
2022-03-18,3.12
2022-03-19,4.00
2022-03-20,3.80
2022-03-21,3.30
2022-03-22,3.15
2022-03-23,3.11
2022-03-24,3.10
2022-03-25,3.08
2022-03-26,3.10
2022-03-27,3.07
2022-03-28,3.06
2022-03-29,3.06
2022-03-30,3.05
2022-03-31,3.24
2022-04-01,3.15
2022-04-02,3.08
2022-04-03,3.13
2022-04-04,3.12
2022-04-05,3.03
2022-04-06,3.00
2022-04-07,3.80
2022-04-08,3.81
2022-04-09,3.14
2022-04-10,3.05
2022-04-11,3.01
2022-04-12,3.44
2022-04-13,3.07
2022-04-14,3.03
2022-04-15,3.00
2022-04-16,3.07
2022-04-17,3.01
2022-04-18,3.00
2022-04-19,3.35
2022-04-20,3.34
2022-04-21,3.05
2022-04-22,2.98
2022-04-23,2.94
2022-04-24,2.93
2022-04-25,2.93
2022-04-26,2.90
2022-04-27,2.42
2022-04-28,2.64
2022-04-29,2.64
2022-04-30,2.64
2022-05-01,2.63
2022-05-02,2.64
2022-05-03,2.56
2022-05-04,2.68
2022-05-05,2.60
2022-05-06,2.56
2022-05-07,2.55
2022-05-08,2.53
2022-05-09,2.53
2022-05-10,2.41
2022-05-11,2.40
2022-05-12,2.39
2022-05-13,2.38
2022-05-14,2.38
2022-05-15,2.53
2022-05-16,2.55
2022-05-17,2.29
2022-05-18,2.05
2022-05-19,2.07
2022-05-20,2.04
2022-05-21,2.01
2022-05-22,2.30
2022-05-23,2.07
2022-05-24,1.98
2022-05-25,1.96
2022-05-26,2.11
2022-05-27,2.97
2022-05-28,2.50
2022-05-29,2.16
2022-05-30,2.02
2022-05-31,1.98
2022-06-01,2.45
2022-06-02,2.19
2022-06-03,2.01
2022-06-04,1.97
2022-06-05,1.96
2022-06-06,1.94
2022-06-07,2.06
2022-06-08,2.04
2022-06-09,2.10
2022-06-10,2.00
2022-06-11,1.94
2022-06-12,2.49
2022-06-13,2.34
2022-06-14,1.98
2022-06-15,1.94
2022-06-16,4.06
2022-06-17,3.08
2022-06-18,2.12
2022-06-19,2.06
2022-06-20,1.99
2022-06-21,1.97
2022-06-22,1.95
2022-06-23,1.94
2022-06-24,1.92
2022-06-25,1.90
2022-06-26,2.09
2022-06-27,1.99
2022-06-28,1.89
2022-06-29,2.07
2022-06-30,1.93
2022-07-01,1.87
2022-07-02,1.87
2022-07-03,1.85
2022-07-04,1.84
2022-07-05,1.85
2022-07-06,1.85
2022-07-07,1.83
2022-07-08,1.82
2022-07-09,1.82
2022-07-10,1.81
2022-07-11,1.82
2022-07-12,1.81
2022-07-13,2.02
2022-07-14,1.84
2022-07-15,1.81
2022-07-16,1.80
2022-07-17,1.79
2022-07-18,1.94
2022-07-19,1.85
2022-07-20,1.79
2022-07-21,1.78
2022-07-22,1.78
2022-07-23,1.77
2022-07-24,1.82
2022-07-25,2.14
2022-07-26,1.80
2022-07-27,1.79
2022-07-28,1.78
2022-07-29,1.77
2022-07-30,1.76
2022-07-31,1.75
2022-08-01,1.75
2022-08-02,1.75
2022-08-03,1.74
2022-08-04,1.83
2022-08-05,1.79
2022-08-06,1.74
2022-08-07,1.74
2022-08-08,1.82
2022-08-09,1.80
2022-08-10,1.74
2022-08-11,1.74
2022-08-12,1.73
2022-08-13,1.73
2022-08-14,1.72
2022-08-15,1.71
2022-08-16,1.73
2022-08-17,1.71
2022-08-18,1.71
2022-08-19,1.71
2022-08-20,1.71
2022-08-21,2.14
2022-08-22,2.02
2022-08-23,1.95
2022-08-24,1.87
2022-08-25,1.82
2022-08-26,1.80
2022-08-27,1.76
2022-08-28,1.75
2022-08-29,1.75
2022-08-30,2.03
2022-08-31,1.88
2022-09-01,1.83
2022-09-02,1.77
2022-09-03,1.76
2022-09-04,1.76
2022-09-05,1.78
2022-09-06,1.77
2022-09-07,1.80
2022-09-08,1.93
2022-09-09,1.80
2022-09-10,1.78
2022-09-11,1.80
2022-09-12,1.78
2022-09-13,1.82
2022-09-14,1.79
2022-09-15,1.78
2022-09-16,1.79
2022-09-17,1.82
2022-09-18,1.79
2022-09-19,2.75
2022-09-20,2.66
2022-09-21,1.94
2022-09-22,2.21
2022-09-23,2.16
2022-09-24,1.92
2022-09-25,2.03
2022-09-26,1.95
2022-09-27,2.11
2022-09-28,2.16
2022-09-29,2.06
2022-09-30,1.90
2022-10-01,1.86
2022-10-02,1.84
2022-10-03,1.82
2022-10-04,1.82
2022-10-05,1.82
2022-10-06,1.82
2022-10-07,1.81
2022-10-08,1.82
2022-10-09,1.82
2022-10-10,1.83
2022-10-11,1.82
2022-10-12,1.82
2022-10-13,1.93
2022-10-14,1.90
2022-10-15,1.85
2022-10-16,1.84
2022-10-17,1.84
2022-10-18,1.84
2022-10-19,1.84
2022-10-20,1.84
2022-10-21,1.83
2022-10-22,1.83
2022-10-23,1.82
2022-10-24,1.81
2022-10-25,1.82
2022-10-26,1.83
2022-10-27,1.82
2022-10-28,1.81
2022-10-29,1.81
2022-10-30,1.81
2022-10-31,1.81
2022-11-01,1.80
2022-11-02,1.80
2022-11-03,1.79
2022-11-04,1.78
2022-11-05,1.78
2022-11-06,1.78
2022-11-07,1.82
2022-11-08,1.76
2022-11-09,1.75
2022-11-10,1.74
2022-11-11,1.97
2022-11-12,3.82
2022-11-13,2.35
2022-11-14,2.04
2022-11-15,1.96
2022-11-16,2.16
2022-11-17,2.15
2022-11-18,2.01
2022-11-19,1.96
2022-11-20,1.92
2022-11-21,1.89
2022-11-22,1.85
2022-11-23,1.85
2022-11-24,1.84
2022-11-25,1.87
2022-11-26,1.85
2022-11-27,1.93
2022-11-28,1.95
2022-11-29,1.92
2022-11-30,2.06
2022-12-01,2.02
2022-12-02,1.90
2022-12-03,2.04
2022-12-04,1.99
2022-12-05,1.90
2022-12-06,1.99
2022-12-07,2.02
2022-12-08,1.99
2022-12-09,1.95
2022-12-10,1.89
2022-12-11,1.91
2022-12-12,1.91
2022-12-13,1.86
2022-12-14,1.83
2022-12-15,1.84
2022-12-16,1.91
2022-12-17,1.92
2022-12-18,1.90
2022-12-19,1.87
2022-12-20,1.84
2022-12-21,1.85
2022-12-22,1.90
2022-12-23,3.28
2022-12-24,2.60
2022-12-25,2.10
2022-12-26,1.92
2022-12-27,1.80
2022-12-28,1.95
2022-12-29,2.12
2022-12-30,2.73
2022-12-31,2.55
2023-01-01,2.39
2023-01-02,2.15
2023-01-03,2.24
2023-01-04,3.21
2023-01-05,3.16
2023-01-06,2.39
2023-01-07,2.20
2023-01-08,2.10
2023-01-09,2.06
2023-01-10,2.03
2023-01-11,1.99
2023-01-12,2.36
2023-01-13,3.24
2023-01-14,2.43
2023-01-15,2.14
2023-01-16,2.06
2023-01-17,2.08
2023-01-18,2.27
2023-01-19,3.55
2023-01-20,3.42
2023-01-21,2.79
2023-01-22,2.37
2023-01-23,2.28
2023-01-24,2.18
2023-01-25,2.12
2023-01-26,2.18
2023-01-27,2.14
2023-01-28,2.08
2023-01-29,2.17
2023-01-30,2.19
2023-01-31,2.09
2023-02-01,2.07
2023-02-02,2.06
2023-02-03,2.00
2023-02-04,2.20
2023-02-05,1.91
2023-02-06,1.99
2023-02-07,2.06
2023-02-08,2.21
2023-02-09,3.23
2023-02-10,2.92
2023-02-11,2.56
2023-02-12,2.48
2023-02-13,2.46
2023-02-14,2.43
2023-02-15,2.41
2023-02-16,2.40
2023-02-17,2.39
2023-02-18,2.38
2023-02-19,2.39
2023-02-20,2.37
2023-02-21,2.36
2023-02-22,2.02
2023-02-23,2.08
2023-02-24,2.07
2023-02-25,2.01
2023-02-26,2.05
2023-02-27,2.06
2023-02-28,2.05
2023-03-01,2.04
2023-03-02,2.07
2023-03-03,2.15
2023-03-04,2.28
2023-03-05,2.25
2023-03-06,2.26
2023-03-07,2.26
2023-03-08,2.16
2023-03-09,2.08
2023-03-10,2.11
2023-03-11,2.10
2023-03-12,2.08
2023-03-13,2.16
2023-03-14,2.16
2023-03-15,2.44
2023-03-16,2.59
2023-03-17,4.25
2023-03-18,4.14
2023-03-19,3.12
2023-03-20,2.80
2023-03-21,3.01
2023-03-22,2.91
2023-03-23,2.91
2023-03-24,2.85
2023-03-25,2.98
2023-03-26,3.18
2023-03-27,2.68
2023-03-28,2.67
2023-03-29,2.57
2023-03-30,2.89
2023-03-31,2.90
2023-04-01,3.70
2023-04-02,3.12
2023-04-03,2.97
2023-04-04,3.19
2023-04-05,5.01
2023-04-06,4.88
2023-04-07,3.55
2023-04-08,3.40
2023-04-09,3.34
2023-04-10,3.31
2023-04-11,3.26
2023-04-12,3.20
2023-04-13,3.17
2023-04-14,3.15
2023-04-15,3.15
2023-04-16,3.13
2023-04-17,3.17
2023-04-18,2.91
2023-04-19,2.89
2023-04-20,2.89
2023-04-21,2.88
2023-04-22,2.93
2023-04-23,2.93
2023-04-24,2.87
2023-04-25,2.86
2023-04-26,2.86
2023-04-27,2.86
2023-04-28,2.85
2023-04-29,3.08
2023-04-30,4.11
2023-05-01,4.16
2023-05-02,3.41
2023-05-03,3.30
2023-05-04,3.24
2023-05-05,3.16
2023-05-06,2.73
2023-05-07,2.72
2023-05-08,2.72
2023-05-09,2.67
2023-05-10,2.66
2023-05-11,2.28
2023-05-12,2.25
2023-05-13,2.24
2023-05-14,2.22
2023-05-15,2.22
2023-05-16,2.21
2023-05-17,2.21
2023-05-18,2.21
2023-05-19,2.19
2023-05-20,2.25
2023-05-21,2.21
2023-05-22,2.18
2023-05-23,2.18
2023-05-24,2.00
2023-05-25,2.00
2023-05-26,1.99
2023-05-27,1.98
2023-05-28,1.97
2023-05-29,1.96
2023-05-30,1.96
2023-05-31,1.96
2023-06-01,1.95
2023-06-02,1.94
2023-06-03,1.94
2023-06-04,1.94
2023-06-05,1.94
2023-06-06,1.93
2023-06-07,1.93
2023-06-08,1.93
2023-06-09,1.94
2023-06-10,1.93
2023-06-11,1.91
2023-06-12,2.59
2023-06-13,2.61
2023-06-14,2.18
2023-06-15,2.16
2023-06-16,2.64
2023-06-17,2.66
2023-06-18,2.08
2023-06-19,1.98
2023-06-20,1.94
2023-06-21,1.92
2023-06-22,1.91
2023-06-23,1.88
2023-06-24,1.98
2023-06-25,1.91
2023-06-26,2.21
2023-06-27,2.30
2023-06-28,2.28
2023-06-29,1.99
2023-06-30,2.06
2023-07-01,2.06
2023-07-02,2.07
2023-07-03,2.18
2023-07-04,2.06
2023-07-05,2.12
2023-07-06,2.14
2023-07-07,2.14
2023-07-08,2.13
2023-07-09,2.39
2023-07-10,2.25
2023-07-11,2.14
2023-07-12,2.15
2023-07-13,2.19
2023-07-14,2.15
2023-07-15,2.03
2023-07-16,2.03
2023-07-17,2.02
2023-07-18,2.03
2023-07-19,2.02
2023-07-20,1.92
2023-07-21,1.98
2023-07-22,1.92
2023-07-23,1.90
2023-07-24,2.02
2023-07-25,1.95
2023-07-26,1.91
2023-07-27,1.92
2023-07-28,1.90
2023-07-29,2.24
2023-07-30,2.02
2023-07-31,2.00
2023-08-01,1.93
2023-08-02,1.90
2023-08-03,1.89
2023-08-04,1.93
2023-08-05,1.88
2023-08-06,1.87
2023-08-07,4.32
2023-08-08,3.47
2023-08-09,2.46
2023-08-10,2.57
2023-08-11,2.40
2023-08-12,2.10
2023-08-13,2.04
2023-08-14,2.00
2023-08-15,2.06
2023-08-16,2.03
2023-08-17,1.98
2023-08-18,2.02
2023-08-19,1.99
2023-08-20,1.96
2023-08-21,1.94
2023-08-22,1.94
2023-08-23,1.95
2023-08-24,1.94
2023-08-25,2.18
2023-08-26,1.96
2023-08-27,1.93
2023-08-28,1.92
2023-08-29,1.92
2023-08-30,2.02
2023-08-31,1.93
2023-09-01,1.93
2023-09-02,1.89
2023-09-03,1.88
2023-09-04,1.88
2023-09-05,1.88
2023-09-06,1.88
2023-09-07,2.22
2023-09-08,2.17
2023-09-09,1.98
2023-09-10,2.13
2023-09-11,1.99
2023-09-12,2.13
2023-09-13,2.14
2023-09-14,1.96
2023-09-15,1.93
2023-09-16,1.93
2023-09-17,1.92
2023-09-18,1.92
2023-09-19,1.91
2023-09-20,1.91
2023-09-21,1.90
2023-09-22,1.89
2023-09-23,1.89
2023-09-24,1.89
2023-09-25,1.89
2023-09-26,1.89
2023-09-27,1.89
2023-09-28,1.89
2023-09-29,1.89
2023-09-30,1.89
2023-10-01,1.89
2023-10-02,1.88
2023-10-03,1.88
2023-10-04,1.88
2023-10-05,1.89
2023-10-06,2.05
2023-10-07,2.02
2023-10-08,1.98
2023-10-09,1.97
2023-10-10,1.91
2023-10-11,1.90
2023-10-12,1.89
2023-10-13,1.89
2023-10-14,1.88
2023-10-15,1.92
2023-10-16,2.04
2023-10-17,1.95
2023-10-18,1.92
2023-10-19,1.90
2023-10-20,1.94
2023-10-21,1.95
2023-10-22,2.19
2023-10-23,2.18
2023-10-24,2.00
2023-10-25,1.96
2023-10-26,1.95
2023-10-27,1.94
2023-10-28,1.94
2023-10-29,1.95
2023-10-30,2.10
2023-10-31,2.12
2023-11-01,2.08
2023-11-02,2.06
2023-11-03,2.00
2023-11-04,1.97
2023-11-05,1.99
2023-11-06,1.96
2023-11-07,1.95
2023-11-08,1.93
2023-11-09,2.03
2023-11-10,1.91
2023-11-11,1.88
2023-11-12,1.87
2023-11-13,1.86
2023-11-14,1.88
2023-11-15,1.85
2023-11-16,1.85
2023-11-17,2.18
2023-11-18,2.31
2023-11-19,2.02
2023-11-20,1.93
2023-11-21,2.03
2023-11-22,2.13
2023-11-23,2.03
2023-11-24,1.96
2023-11-25,1.92
2023-11-26,1.89
2023-11-27,1.89
2023-11-28,1.87
2023-11-29,1.86
2023-11-30,1.86
2023-12-01,2.00
2023-12-02,2.00
2023-12-03,2.89
2023-12-04,3.07
2023-12-05,2.25
2023-12-06,2.12
2023-12-07,2.08
2023-12-08,2.08
2023-12-09,2.07
2023-12-10,2.26
2023-12-11,2.50
2023-12-12,2.28
2023-12-13,2.10
2023-12-14,2.05
2023-12-15,2.04
2023-12-16,2.01
2023-12-17,2.00
2023-12-18,4.31
2023-12-19,2.95
2023-12-20,2.40
2023-12-21,2.32
2023-12-22,2.24
2023-12-23,2.21
2023-12-24,2.29
2023-12-25,2.24
2023-12-26,2.17
2023-12-27,3.45
2023-12-28,3.43
2023-12-29,2.93
2023-12-30,2.78
2023-12-31,2.75
2024-01-01,2.69
2024-01-02,2.67
2024-01-03,2.66
2024-01-04,2.65
2024-01-05,2.67
2024-01-06,3.00
2024-01-07,3.00
2024-01-08,3.19
2024-01-09,3.62
2024-01-10,4.04
2024-01-11,3.28
2024-01-12,3.20
2024-01-13,3.25
2024-01-14,3.16
2024-01-15,3.03
2024-01-16,3.00
2024-01-17,3.00
2024-01-18,2.99
2024-01-19,2.98
2024-01-20,2.99
2024-01-21,2.98
2024-01-22,2.97
2024-01-23,2.97
2024-01-24,3.48
2024-01-25,3.74
2024-01-26,4.83
2024-01-27,3.56
2024-01-28,3.54
2024-01-29,3.44
2024-01-30,3.26
2024-01-31,3.18
2024-02-01,3.17
2024-02-02,3.18
2024-02-03,3.17
2024-02-04,3.15
2024-02-05,3.14
2024-02-06,3.12
2024-02-07,3.11
2024-02-08,3.10
2024-02-09,3.08
2024-02-10,3.02
2024-02-11,3.00
2024-02-12,3.06
2024-02-13,3.06
2024-02-14,3.04
2024-02-15,2.80
2024-02-16,2.79
2024-02-17,2.79
2024-02-18,2.78
2024-02-19,2.78
2024-02-20,2.85
2024-02-21,2.85
2024-02-22,2.85
2024-02-23,2.95
2024-02-24,2.92
2024-02-25,2.87
2024-02-26,2.85
2024-02-27,2.83
2024-02-28,3.00
2024-02-29,2.88
2024-03-01,2.27
2024-03-02,2.47
2024-03-03,2.41
2024-03-04,2.28
2024-03-05,2.24
2024-03-06,3.25
2024-03-07,3.24
2024-03-08,3.03
2024-03-09,3.31
2024-03-10,3.69
2024-03-11,3.16
2024-03-12,3.08
2024-03-13,2.99
2024-03-14,2.94
2024-03-15,2.98
2024-03-16,2.96
2024-03-17,2.99
2024-03-18,2.95
2024-03-19,2.93
2024-03-20,2.94
2024-03-21,2.92
2024-03-22,2.91
2024-03-23,2.92
2024-03-24,2.93
2024-03-25,3.11
2024-03-26,3.30
2024-03-27,3.13
2024-03-28,2.92
2024-03-29,2.68
2024-03-30,2.66
2024-03-31,2.65
2024-04-01,2.85
2024-04-02,2.87
2024-04-03,3.89
2024-04-04,3.75
2024-04-05,3.14
2024-04-06,3.07
2024-04-07,2.96
2024-04-08,2.91
2024-04-09,2.89
2024-04-10,2.98
2024-04-11,3.25
2024-04-12,3.08
2024-04-13,3.59
2024-04-14,3.21
2024-04-15,3.04
2024-04-16,3.03
2024-04-17,3.04
2024-04-18,3.06
2024-04-19,3.02
2024-04-20,2.95
2024-04-21,2.93
2024-04-22,2.92
2024-04-23,2.89
2024-04-24,2.88
2024-04-25,2.87
2024-04-26,2.87
2024-04-27,2.86
2024-04-28,2.84
2024-04-29,2.83
2024-04-30,2.83
2024-05-01,2.83
2024-05-02,2.74
2024-05-03,2.70
2024-05-04,2.69
2024-05-05,2.68
2024-05-06,2.62
2024-05-07,2.60
2024-05-08,2.75
2024-05-09,2.61
2024-05-10,2.34
2024-05-11,2.31
2024-05-12,2.29
2024-05-13,2.26
2024-05-14,2.25
2024-05-15,2.23
2024-05-16,2.21
2024-05-17,2.19
2024-05-18,2.18
2024-05-19,2.17
2024-05-20,2.16
2024-05-21,2.15
2024-05-22,2.16
2024-05-23,2.16
2024-05-24,2.13
2024-05-25,2.22
2024-05-26,2.16
2024-05-27,2.86
2024-05-28,2.78
2024-05-29,2.41
2024-05-30,2.24
2024-05-31,2.20
2024-06-01,2.18
2024-06-02,2.16
2024-06-03,2.16
2024-06-04,2.14
2024-06-05,2.13
2024-06-06,2.34
2024-06-07,2.71
2024-06-08,2.48
2024-06-09,2.84
2024-06-10,2.59
2024-06-11,2.27
2024-06-12,2.24
2024-06-13,2.20
2024-06-14,2.17
2024-06-15,2.15
2024-06-16,2.13
2024-06-17,2.12
2024-06-18,2.01
2024-06-19,1.99
2024-06-20,1.95
2024-06-21,1.83
2024-06-22,1.82
2024-06-23,1.82
2024-06-24,1.87
2024-06-25,1.81
2024-06-26,1.83
2024-06-27,1.84
2024-06-28,1.82
2024-06-29,2.09
2024-06-30,2.06
2024-07-01,1.89
2024-07-02,1.83
2024-07-03,1.82
2024-07-04,1.81
2024-07-05,1.80
2024-07-06,1.80
2024-07-07,1.79
2024-07-08,1.78
2024-07-09,1.77
2024-07-10,2.07
2024-07-11,1.97
2024-07-12,1.81
2024-07-13,1.79
2024-07-14,1.78
2024-07-15,1.94
2024-07-16,1.97
2024-07-17,1.83
2024-07-18,1.78
2024-07-19,1.76
2024-07-20,1.76
2024-07-21,1.75
2024-07-22,1.75
2024-07-23,1.77
2024-07-24,1.86
2024-07-25,1.77
2024-07-26,1.75
2024-07-27,1.75
2024-07-28,1.74
2024-07-29,1.74
2024-07-30,1.73
2024-07-31,1.86
2024-08-01,1.75
2024-08-02,2.05
2024-08-03,1.92
2024-08-04,1.76
2024-08-05,1.87
2024-08-06,1.89
2024-08-07,1.76
2024-08-08,1.76
2024-08-09,3.19
2024-08-10,2.49
2024-08-11,2.66
2024-08-12,2.57
2024-08-13,2.00
2024-08-14,1.90
2024-08-15,1.85
2024-08-16,1.83
2024-08-17,1.86
2024-08-18,1.83
2024-08-19,3.17
2024-08-20,2.36
2024-08-21,2.08
2024-08-22,2.04
2024-08-23,1.94
2024-08-24,1.88
2024-08-25,1.88
2024-08-26,1.85
2024-08-27,1.84
2024-08-28,1.83
2024-08-29,1.83
2024-08-30,1.83
2024-08-31,2.08
2024-09-01,1.94
2024-09-02,1.89
2024-09-03,1.85
2024-09-04,1.85
2024-09-05,1.84
2024-09-06,1.84
2024-09-07,1.90
2024-09-08,1.85
2024-09-09,2.09
2024-09-10,2.06
2024-09-11,1.86
2024-09-12,1.85
2024-09-13,1.84
2024-09-14,1.83
2024-09-15,1.83
2024-09-16,1.83
2024-09-17,1.83
2024-09-18,1.82
2024-09-19,1.82
2024-09-20,1.82
2024-09-21,1.84
2024-09-22,1.82
2024-09-23,1.83
2024-09-24,1.88
2024-09-25,1.88
2024-09-26,1.98
2024-09-27,1.86
2024-09-28,1.83
2024-09-29,1.82
2024-09-30,1.83
2024-10-01,1.78
2024-10-02,1.78
2024-10-03,1.78
2024-10-04,1.78
2024-10-05,1.76
2024-10-06,1.76
2024-10-07,1.79
2024-10-08,1.76
2024-10-09,1.77
2024-10-10,1.77
2024-10-11,1.75
2024-10-12,1.75
2024-10-13,1.91
2024-10-14,1.95
2024-10-15,2.07
2024-10-16,2.16
2024-10-17,2.02
2024-10-18,1.98
2024-10-19,1.97
2024-10-20,1.97
2024-10-21,1.97
2024-10-22,1.96
2024-10-23,1.97
2024-10-24,1.97
2024-10-25,1.97
2024-10-26,1.97
2024-10-27,1.98
2024-10-28,1.97
2024-10-29,1.98
2024-10-30,1.98
2024-10-31,1.97
2024-11-01,2.04
2024-11-02,1.98
2024-11-03,1.96
2024-11-04,1.96
2024-11-05,1.78
2024-11-06,1.77
2024-11-07,1.76
2024-11-08,1.75
2024-11-09,1.76
2024-11-10,1.81
2024-11-11,1.81
2024-11-12,1.81
2024-11-13,1.77
2024-11-14,1.77
2024-11-15,1.77
2024-11-16,1.76
2024-11-17,1.75
2024-11-18,1.75
2024-11-19,1.75
2024-11-20,1.75
2024-11-21,1.86
2024-11-22,3.05
2024-11-23,2.53
2024-11-24,2.24
2024-11-25,2.10
2024-11-26,2.62
2024-11-27,2.25
2024-11-28,2.44
2024-11-29,2.41
2024-11-30,2.05
2024-12-01,1.96
2024-12-02,1.91
2024-12-03,1.90
2024-12-04,1.89
2024-12-05,1.88
2024-12-06,1.87
2024-12-07,1.88
2024-12-08,1.99
2024-12-09,3.14
2024-12-10,2.75
2024-12-11,3.46
2024-12-12,3.18
2024-12-13,2.25
2024-12-14,2.07
2024-12-15,2.01
2024-12-16,2.13
2024-12-17,2.43
2024-12-18,2.35
2024-12-19,2.38
2024-12-20,2.13
2024-12-21,2.06
2024-12-22,2.16
2024-12-23,2.46
2024-12-24,1.98
2024-12-25,1.95
2024-12-26,1.94
2024-12-27,1.93
2024-12-28,2.46
2024-12-29,2.36
2024-12-30,2.22
2024-12-31,2.12
2025-01-01,2.67
2025-01-02,2.44
2025-01-03,2.15
2025-01-04,2.06
2025-01-05,2.01
2025-01-06,1.99
2025-01-07,1.98
2025-01-08,1.99
2025-01-09,1.96
2025-01-10,2.14
2025-01-11,1.94
2025-01-12,1.92
2025-01-13,1.92
2025-01-14,1.93
2025-01-15,1.97
2025-01-16,1.96
2025-01-17,1.89
2025-01-18,1.91
2025-01-19,1.91
2025-01-20,2.28
2025-01-21,2.10
2025-01-22,1.75
2025-01-23,1.65
2025-01-24,1.58
2025-01-25,1.57
2025-01-26,1.54
2025-01-27,1.54
2025-01-28,1.64
2025-01-29,1.87
2025-01-30,1.89
2025-01-31,1.97
2025-02-01,2.09
2025-02-02,2.41
2025-02-03,1.96
2025-02-04,1.97
2025-02-05,1.99
2025-02-06,2.07
2025-02-07,1.91
2025-02-08,2.01
2025-02-09,1.91
2025-02-10,1.88
2025-02-11,2.08
2025-02-12,2.19
2025-02-13,1.98
2025-02-14,2.05
2025-02-15,2.06
2025-02-16,2.30
2025-02-17,2.30
2025-02-18,2.63
2025-02-19,2.16
2025-02-20,1.89
2025-02-21,1.86
2025-02-22,1.96
2025-02-23,1.95
2025-02-24,2.04
2025-02-25,2.31
2025-02-26,2.46
2025-02-27,3.41
2025-02-28,3.17
2025-03-01,2.68
2025-03-02,2.36
2025-03-03,2.24
2025-03-04,2.23
2025-03-05,3.69
2025-03-06,3.80
2025-03-07,2.65
2025-03-08,2.37
2025-03-09,2.24
2025-03-10,2.27
2025-03-11,2.25
2025-03-12,2.22
2025-03-13,2.09
2025-03-14,2.06
2025-03-15,2.04
2025-03-16,2.05
2025-03-17,2.05
2025-03-18,2.00
2025-03-19,1.98
2025-03-20,1.95
2025-03-21,1.95
2025-03-22,1.92
2025-03-23,1.91
2025-03-24,1.91
2025-03-25,1.90
2025-03-26,1.89
2025-03-27,1.88
2025-03-28,1.88
2025-03-29,1.90
2025-03-30,1.90
2025-03-31,1.89
2025-04-01,1.87
2025-04-02,2.42
2025-04-03,2.59
2025-04-04,2.08
2025-04-05,2.02
2025-04-06,2.07
2025-04-07,2.01
2025-04-08,1.99
2025-04-09,1.96
2025-04-10,2.08
2025-04-11,2.08
2025-04-12,2.04
2025-04-13,2.01
2025-04-14,1.95
2025-04-15,1.93
2025-04-16,1.93
2025-04-17,1.92
2025-04-18,1.89
2025-04-19,2.38
2025-04-20,2.13
2025-04-21,1.94
2025-04-22,1.91
2025-04-23,1.88
2025-04-24,1.85
2025-04-25,1.88
2025-04-26,2.96
2025-04-27,2.39
2025-04-28,2.10
2025-04-29,2.54
2025-04-30,2.58
2025-05-01,2.03
2025-05-02,1.97
2025-05-03,2.15
2025-05-04,2.17
2025-05-05,2.17
2025-05-06,5.90
2025-05-07,4.88
